batch,plate,st,num,
1,2,A1,CAST,2M
2,2,A1,CAST,2F
3,2,A1,AJ,2M
4,2,A1,AJ,2F
5,2,B1,NOD,2F
6,2,B1,B6,2M
7,2,C1,129,2F
8,2,C1,NOD,2M
9,2,C1,B6,2F
10,2,C1,PWK,2M
11,3,D1,NZO,F3
12,3,D1,NOD,F3
13,2,D1,NZO,F2
14,3,D1,129,F3
15,2,E1,NZO,M2
16,3,E1,NOD,M3
17,3,E1,129,M3
18,3,E1,NZO,M3
19,1,AA1,129,M1
20,1,AA1,B6,M1
21,2,AA1,AJ,F2
22,1,AA1,AJ,M1
23,1,BB1,B6,F1
24,1,BB1,AJ,F1
25,2,BB1,PWK,F2
26,1,BB1,WSB,M1
27,1,CC1,PWK,M1
28,1,CC1,CAST,M1
29,2,CC1,WSB,F2
30,2,CC1,B6,F2
31,1,DD1,PWK,F1
32,1,DD1,CAST,F1
33,2,DD1,WSB,M2
34,1,DD1,WSB,F1