"","name_","integer_","total_","na_count_","median_","min_","max_","stain","mutuality"
"1","outfocus_numberofobjects","TRUE","8216","55","14","0","3010","all","TRUE"
"2","infocus_numberofobjects","TRUE","8216","55","73","0","5590","hoescht","TRUE"
"3","infocus_intensity_nucleus_alexa488_mean_mean","FALSE","8216","136","711","255","6920","h2ax","TRUE"
"4","infocus_intensity_nucleus_alexa488_mean_stdev","FALSE","8216","225","337","2.8","11400","h2ax","TRUE"
"5","infocus_intensity_cell_mitotrackerdeepred_mean_mean","FALSE","8216","136","3480","670","41700","mito","TRUE"
"6","infocus_intensity_cell_mitotrackerdeepred_mean_stdev","FALSE","8216","225","1330","13.7","33000","mito","TRUE"
"7","infocus_nucleus_hoechst_ser_spot_1px_mean","FALSE","8216","136","0.0209","0.00595","0.0544","hoescht","TRUE"
"8","infocus_nucleus_hoechst_ser_spot_1px_stdev","FALSE","8216","225","0.00547","0.0000494","0.0203","hoescht","TRUE"
"9","infocus_nucleus_hoechst_ser_hole_1px_mean","FALSE","8216","136","0.00405","0","0.00883","hoescht","TRUE"
"10","infocus_nucleus_hoechst_ser_hole_1px_stdev","FALSE","8216","225","0.00213","0","0.00713","hoescht","TRUE"
"11","infocus_nucleus_hoechst_ser_edge_1px_mean","FALSE","8216","136","0.191","0.0817","0.351","hoescht","TRUE"
"12","infocus_nucleus_hoechst_ser_edge_1px_stdev","FALSE","8216","225","0.0438","0.000177","0.18","hoescht","TRUE"
"13","infocus_nucleus_hoechst_ser_ridge_1px_mean","FALSE","8216","136","0.027","0.0118","0.0722","hoescht","TRUE"
"14","infocus_nucleus_hoechst_ser_ridge_1px_stdev","FALSE","8216","225","0.00637","0.0000536","0.0399","hoescht","TRUE"
"15","infocus_nucleus_hoechst_ser_valley_1px_mean","FALSE","8216","136","0.0355","0.0049","0.0642","hoescht","TRUE"
"16","infocus_nucleus_hoechst_ser_valley_1px_stdev","FALSE","8216","225","0.0121","0.0000406","0.0376","hoescht","TRUE"
"17","infocus_nucleus_hoechst_ser_saddle_1px_mean","FALSE","8216","136","0.0501","0.0132","0.0861","hoescht","TRUE"
"18","infocus_nucleus_hoechst_ser_saddle_1px_stdev","FALSE","8216","225","0.0144","0.0000886","0.0553","hoescht","TRUE"
"19","infocus_nucleus_hoechst_ser_bright_1px_mean","FALSE","8216","136","0.0417","0.0166","0.0916","hoescht","TRUE"
"20","infocus_nucleus_hoechst_ser_bright_1px_stdev","FALSE","8216","225","0.00958","0.0000539","0.0451","hoescht","TRUE"
"21","infocus_nucleus_hoechst_ser_dark_1px_mean","FALSE","8216","136","0.0341","0.00424","0.0627","hoescht","TRUE"
"22","infocus_nucleus_hoechst_ser_dark_1px_stdev","FALSE","8216","225","0.0115","0.0000573","0.0349","hoescht","TRUE"
"23","infocus_nucleus_alexa488_ser_spot_1px_mean","FALSE","8216","136","0.0152","0.00647","0.0349","h2ax","TRUE"
"24","infocus_nucleus_alexa488_ser_spot_1px_stdev","FALSE","8216","225","0.00458","0.00000635","0.0195","h2ax","TRUE"
"25","infocus_nucleus_alexa488_ser_hole_1px_mean","FALSE","8216","136","0.00664","0.000244","0.0128","h2ax","TRUE"
"26","infocus_nucleus_alexa488_ser_hole_1px_stdev","FALSE","8216","225","0.00246","0.0000442","0.013","h2ax","TRUE"
"27","infocus_nucleus_alexa488_ser_edge_1px_mean","FALSE","8216","136","0.0999","0.0248","0.372","h2ax","TRUE"
"28","infocus_nucleus_alexa488_ser_edge_1px_stdev","FALSE","8216","225","0.0403","0.0000124","0.188","h2ax","TRUE"
"29","infocus_nucleus_alexa488_ser_ridge_1px_mean","FALSE","8216","136","0.0217","0.00986","0.055","h2ax","TRUE"
"30","infocus_nucleus_alexa488_ser_ridge_1px_stdev","FALSE","8216","225","0.0059","0.0000284","0.0286","h2ax","TRUE"
"31","infocus_nucleus_alexa488_ser_valley_1px_mean","FALSE","8216","136","0.0244","0.00615","0.0894","h2ax","TRUE"
"32","infocus_nucleus_alexa488_ser_valley_1px_stdev","FALSE","8216","225","0.012","0.00000972","0.0685","h2ax","TRUE"
"33","infocus_nucleus_alexa488_ser_saddle_1px_mean","FALSE","8216","136","0.0285","0.00885","0.0942","h2ax","TRUE"
"34","infocus_nucleus_alexa488_ser_saddle_1px_stdev","FALSE","8216","225","0.0119","0.000006","0.0631","h2ax","TRUE"
"35","infocus_nucleus_alexa488_ser_bright_1px_mean","FALSE","8216","136","0.0321","0.0143","0.0772","h2ax","TRUE"
"36","infocus_nucleus_alexa488_ser_bright_1px_stdev","FALSE","8216","225","0.00886","0.000119","0.0371","h2ax","TRUE"
"37","infocus_nucleus_alexa488_ser_dark_1px_mean","FALSE","8216","136","0.0274","0.0069","0.0806","h2ax","TRUE"
"38","infocus_nucleus_alexa488_ser_dark_1px_stdev","FALSE","8216","225","0.0118","0.0000387","0.0609","h2ax","TRUE"
"39","infocus_cell_mitotrackerdeepred_ser_spot_1px_mean","FALSE","8216","136","0.0168","0.00576","0.0602","mito","TRUE"
"40","infocus_cell_mitotrackerdeepred_ser_spot_1px_stdev","FALSE","8216","225","0.0044","0.0000382","0.0413","mito","TRUE"
"41","infocus_cell_mitotrackerdeepred_ser_hole_1px_mean","FALSE","8216","136","0.00911","0","0.0245","mito","TRUE"
"42","infocus_cell_mitotrackerdeepred_ser_hole_1px_stdev","FALSE","8216","225","0.00318","0","0.0314","mito","TRUE"
"43","infocus_cell_mitotrackerdeepred_ser_edge_1px_mean","FALSE","8216","136","0.131","0.0274","0.412","mito","TRUE"
"44","infocus_cell_mitotrackerdeepred_ser_edge_1px_stdev","FALSE","8216","225","0.0373","0.00168","0.29","mito","TRUE"
"45","infocus_cell_mitotrackerdeepred_ser_ridge_1px_mean","FALSE","8216","136","0.0288","0.00892","0.0817","mito","TRUE"
"46","infocus_cell_mitotrackerdeepred_ser_ridge_1px_stdev","FALSE","8216","225","0.00688","0.0000295","0.0441","mito","TRUE"
"47","infocus_cell_mitotrackerdeepred_ser_valley_1px_mean","FALSE","8216","136","0.0303","0.00621","0.14","mito","TRUE"
"48","infocus_cell_mitotrackerdeepred_ser_valley_1px_stdev","FALSE","8216","225","0.0107","0.0000277","0.171","mito","TRUE"
"49","infocus_cell_mitotrackerdeepred_ser_saddle_1px_mean","FALSE","8216","136","0.0331","0.00953","0.116","mito","TRUE"
"50","infocus_cell_mitotrackerdeepred_ser_saddle_1px_stdev","FALSE","8216","225","0.0094","0.0000141","0.0976","mito","TRUE"
"51","infocus_cell_mitotrackerdeepred_ser_bright_1px_mean","FALSE","8216","136","0.0399","0.0137","0.123","mito","TRUE"
"52","infocus_cell_mitotrackerdeepred_ser_bright_1px_stdev","FALSE","8216","225","0.00932","0.0000235","0.0516","mito","TRUE"
"53","infocus_cell_mitotrackerdeepred_ser_dark_1px_mean","FALSE","8216","136","0.035","0.0073","0.14","mito","TRUE"
"54","infocus_cell_mitotrackerdeepred_ser_dark_1px_stdev","FALSE","8216","225","0.0115","0.000158","0.178","mito","TRUE"
"55","infocus_regression_a_b_mean","FALSE","8216","136","-1.74","-12.5","-0.0114","comb","TRUE"
"56","infocus_regression_a_b_stdev","FALSE","8216","225","1.06","0.00673","7.13","comb","TRUE"
"57","infocus_intensity_nucleus_alexa488_mean_2_mean","FALSE","8216","136","711","255","6920",NA,"FALSE"
"58","infocus_intensity_nucleus_alexa488_mean_2_stdev","FALSE","8216","225","337","2.8","11400",NA,"FALSE"
"59","infocus_intensity_nucleus_alexa488_stdev_mean","FALSE","8216","136","227","24.7","3310","h2ax","TRUE"
"60","infocus_intensity_nucleus_alexa488_stdev_std_dev","FALSE","8216","225","195","1.15","5620","h2ax","TRUE"
"61","infocus_intensity_nucleus_alexa488_median_mean","FALSE","8216","136","683","254","7130","h2ax","TRUE"
"62","infocus_intensity_nucleus_alexa488_median_stdev","FALSE","8216","225","323","5.69","11800","h2ax","TRUE"
"63","infocus_intensity_nucleus_alexa488_quantile_75_percent_mean","FALSE","8216","136","841","273","8980","h2ax","TRUE"
"64","infocus_intensity_nucleus_alexa488_quantile_75_percent_stdev","FALSE","8216","225","448","1.41","14900","h2ax","TRUE"
"65","infocus_intensity_cell_mitotrackerdeepred_mean_2_mean","FALSE","8216","136","3480","670","41700",NA,"FALSE"
"66","infocus_intensity_cell_mitotrackerdeepred_mean_2_stdev","FALSE","8216","225","1330","13.7","33000",NA,"FALSE"
"67","infocus_intensity_cell_mitotrackerdeepred_stdev_mean","FALSE","8216","136","1380","58.1","20000","mito","TRUE"
"68","infocus_intensity_cell_mitotrackerdeepred_stdev_std_dev","FALSE","8216","225","740","2.44","13100","mito","TRUE"
"69","infocus_intensity_cell_mitotrackerdeepred_median_mean","FALSE","8216","136","3260","660","45300","mito","TRUE"
"70","infocus_intensity_cell_mitotrackerdeepred_median_stdev","FALSE","8216","225","1290","23.3","42100","mito","TRUE"
"71","infocus_intensity_cell_mitotrackerdeepred_quantile_75_percent_mean","FALSE","8216","136","4370","712","60400","mito","TRUE"
"72","infocus_intensity_cell_mitotrackerdeepred_quantile_75_percent_stdev","FALSE","8216","225","1820","4.95","41100","mito","TRUE"
"73","infocus_intensity_cell_hoechst_mean_mean","FALSE","8216","136","1300","396","12300","hoescht","TRUE"
"74","infocus_intensity_cell_hoechst_mean_stdev","FALSE","8216","225","896","0.71","16600","hoescht","TRUE"
"75","infocus_intensity_cell_hoechst_stdev_mean","FALSE","8216","136","1430","87.4","12000","hoescht","TRUE"
"76","infocus_intensity_cell_hoechst_stdev_std_dev","FALSE","8216","225","1260","3.72","11700","hoescht","TRUE"
"77","infocus_intensity_cell_hoechst_median_mean","FALSE","8216","136","678","292","10500","hoescht","TRUE"
"78","infocus_intensity_cell_hoechst_median_stdev","FALSE","8216","225","380","5.66","15500","hoescht","TRUE"
"79","infocus_intensity_cell_hoechst_quantile_75_percent_mean","FALSE","8216","136","1410","360","18300","hoescht","TRUE"
"80","infocus_intensity_cell_hoechst_quantile_75_percent_stdev","FALSE","8216","225","1120","4.95","25000","hoescht","TRUE"
"81","infocus_total_spot_area_mean","FALSE","8216","136","23.1","0","199","h2ax","TRUE"
"82","infocus_total_spot_area_stdev","FALSE","8216","225","45.2","0","287","h2ax","TRUE"
"83","infocus_relative_spot_intensity_mean","FALSE","8216","136","0.0501","0","0.54","h2ax","TRUE"
"84","infocus_relative_spot_intensity_stdev","FALSE","8216","225","0.0868","0","0.431","h2ax","TRUE"
"85","infocus_numberofspots_mean","FALSE","8216","136","1.9","0","19.2","h2ax","TRUE"
"86","infocus_numberofspots_stdev","FALSE","8216","225","3.27","0","27.9","h2ax","TRUE"
"87","infocus_numberofspots_per_area_of_nucleus_mean","FALSE","8216","136","0.00425","0","0.0292","h2ax","TRUE"
"88","infocus_numberofspots_per_area_of_nucleus_stdev","FALSE","8216","225","0.00558","0","0.0189","h2ax","TRUE"
"89","infocus_regression_a_b_2_mean","FALSE","8216","136","2.6","-19.8","4.84","h2ax","TRUE"
"90","infocus_regression_a_b_2_stdev","FALSE","8216","225","2.12","0.00963","16.7","h2ax","TRUE"
"91","infocus_h2axpositive_mean","FALSE","8216","136","0.105","0","1","h2ax","TRUE"
"92","infocus_h2axpositive_stdev","FALSE","8216","225","0.313","0","0.707","h2ax","TRUE"
"93","infocus_h2axnegative_mean","FALSE","8216","136","0.895","0","1","h2ax","TRUE"
"94","infocus_h2axnegative_stdev","FALSE","8216","225","0.313","0","0.707","h2ax","TRUE"
"95","infocus_regression_a_b_3_mean","FALSE","8216","136","0.398","-11.9","1.02","comb","TRUE"
"96","infocus_regression_a_b_3_stdev","FALSE","8216","225","0.348","0.003","13.6","comb","TRUE"
"97","infocus_stressed_mean","FALSE","8216","136","0.11","0","1","comb","TRUE"
"98","infocus_stressed_stdev","FALSE","8216","225","0.3","0","0.707","comb","TRUE"
"99","infocus_unstressed_mean","FALSE","8216","136","0.89","0","1","comb","TRUE"
"100","infocus_unstressed_stdev","FALSE","8216","225","0.3","0","0.707","comb","TRUE"
"101","infocus_cell_area_mm2_mean","FALSE","8216","136","712","43.6","3340",NA,"TRUE"
"102","infocus_cell_area_mm2_stdev","FALSE","8216","225","347","1.76","2070",NA,"TRUE"
"103","infocus_cell_roundness_mean","FALSE","8216","136","0.635","0.25","1.04","mito","TRUE"
"104","infocus_cell_roundness_stdev","FALSE","8216","225","0.137","0.000418","0.457","mito","TRUE"
"105","infocus_cell_width_mm_mean","FALSE","8216","136","18.2","5.07","40.5","mito","TRUE"
"106","infocus_cell_width_mm_stdev","FALSE","8216","225","5.37","0","28.7","mito","TRUE"
"107","infocus_cell_length_mm_mean","FALSE","8216","136","47.7","7.56","235","mito","TRUE"
"108","infocus_cell_length_mm_stdev","FALSE","8216","225","18","0.0788","76.2","mito","TRUE"
"109","infocus_nucleus_area_mm2_mean","FALSE","8216","136","197","40.8","1110",NA,"TRUE"
"110","infocus_nucleus_area_mm2_stdev","FALSE","8216","225","85.3","0.25","1330",NA,"TRUE"
"111","infocus_nucleus_roundness_mean","FALSE","8216","136","0.932","0.601","1.04","hoescht","TRUE"
"112","infocus_nucleus_roundness_stdev","FALSE","8216","225","0.0681","0.000796","0.31","hoescht","TRUE"
"113","infocus_nucleus_width_mm_mean","FALSE","8216","136","11","4.93","24.5","hoescht","TRUE"
"114","infocus_nucleus_width_mm_stdev","FALSE","8216","225","2.62","0","17.6","hoescht","TRUE"
"115","infocus_nucleus_length_mm_mean","FALSE","8216","136","19.2","7.46","51.4","hoescht","TRUE"
"116","infocus_nucleus_length_mm_stdev","FALSE","8216","225","5.03","0","35","hoescht","TRUE"
"117","infocus_number_of_micronuclei_mean","FALSE","8216","136","0.0233","0","2","hoescht","TRUE"
"118","infocus_number_of_micronuclei_stdev","FALSE","8216","225","0.17","0","2.83","hoescht","TRUE"
"119","infocus_miconucleated_cells_mean","FALSE","8216","136","0.0192","0","0.667","hoescht","TRUE"
"120","infocus_miconucleated_cells_stdev","FALSE","8216","225","0.139","0","0.707","hoescht","TRUE"
"121","nonborder_numberofobjects","TRUE","8216","55","93","0","7330","hoescht","TRUE"
"122","nonborder_intensity_nucleus_alexa488_mean_median","FALSE","8216","96","546","206","5380",NA,"FALSE"
"123","nonborder_intensity_cell_mitotrackerdeepred_mean_median","FALSE","8216","96","2970","405","41700",NA,"FALSE"
"124","nonborder_nucleus_hoechst_ser_spot_1px_median","FALSE","8216","96","0.0194","0.00309","0.0544",NA,"FALSE"
"125","nonborder_nucleus_hoechst_ser_hole_1px_median","FALSE","8216","96","0.00352","0","0.00885",NA,"FALSE"
"126","nonborder_nucleus_hoechst_ser_edge_1px_median","FALSE","8216","96","0.181","0.073","0.351",NA,"FALSE"
"127","nonborder_nucleus_hoechst_ser_ridge_1px_median","FALSE","8216","96","0.0254","0.00972","0.0722",NA,"FALSE"
"128","nonborder_nucleus_hoechst_ser_valley_1px_median","FALSE","8216","96","0.0339","0.00742","0.0595",NA,"FALSE"
"129","nonborder_nucleus_hoechst_ser_saddle_1px_median","FALSE","8216","96","0.0477","0.0071","0.0861",NA,"FALSE"
"130","nonborder_nucleus_hoechst_ser_bright_1px_median","FALSE","8216","96","0.0394","0.0136","0.0916",NA,"FALSE"
"131","nonborder_nucleus_hoechst_ser_dark_1px_median","FALSE","8216","96","0.0325","0.00772","0.0588",NA,"FALSE"
"132","nonborder_nucleus_alexa488_ser_spot_1px_median","FALSE","8216","96","0.013","0.00575","0.0322",NA,"FALSE"
"133","nonborder_nucleus_alexa488_ser_hole_1px_median","FALSE","8216","96","0.00598","0.00128","0.0127",NA,"FALSE"
"134","nonborder_nucleus_alexa488_ser_edge_1px_median","FALSE","8216","96","0.0825","0.0187","0.292",NA,"FALSE"
"135","nonborder_nucleus_alexa488_ser_ridge_1px_median","FALSE","8216","96","0.0189","0.00865","0.0382",NA,"FALSE"
"136","nonborder_nucleus_alexa488_ser_valley_1px_median","FALSE","8216","96","0.0189","0.00688","0.081",NA,"FALSE"
"137","nonborder_nucleus_alexa488_ser_saddle_1px_median","FALSE","8216","96","0.0234","0.009","0.0661",NA,"FALSE"
"138","nonborder_nucleus_alexa488_ser_bright_1px_median","FALSE","8216","96","0.0279","0.0126","0.0576",NA,"FALSE"
"139","nonborder_nucleus_alexa488_ser_dark_1px_median","FALSE","8216","96","0.0221","0.00903","0.0743",NA,"FALSE"
"140","nonborder_cell_mitotrackerdeepred_ser_spot_1px_median","FALSE","8216","96","0.0149","0.00388","0.0381",NA,"FALSE"
"141","nonborder_cell_mitotrackerdeepred_ser_hole_1px_median","FALSE","8216","96","0.00824","0.000471","0.0236",NA,"FALSE"
"142","nonborder_cell_mitotrackerdeepred_ser_edge_1px_median","FALSE","8216","96","0.119","0.0166","0.449",NA,"FALSE"
"143","nonborder_cell_mitotrackerdeepred_ser_ridge_1px_median","FALSE","8216","96","0.0265","0.00658","0.066",NA,"FALSE"
"144","nonborder_cell_mitotrackerdeepred_ser_valley_1px_median","FALSE","8216","96","0.0257","0.00518","0.146",NA,"FALSE"
"145","nonborder_cell_mitotrackerdeepred_ser_saddle_1px_median","FALSE","8216","96","0.0292","0.00779","0.0983",NA,"FALSE"
"146","nonborder_cell_mitotrackerdeepred_ser_bright_1px_median","FALSE","8216","96","0.0365","0.00905","0.0829",NA,"FALSE"
"147","nonborder_cell_mitotrackerdeepred_ser_dark_1px_median","FALSE","8216","96","0.0302","0.00654","0.135",NA,"FALSE"
"148","nonborder_regression_a_b_median","FALSE","8216","96","-1.25","-6.03","1.59",NA,"FALSE"
"149","nonborder_infocus_median","TRUE","8216","96","1","0","1",NA,"FALSE"
"150","nonborder_outfocus_median","TRUE","8216","96","0","0","1",NA,"FALSE"
"151","nuclei_numberofobjects","TRUE","8216","55","105","0","8290","hoescht","TRUE"
"152","multi_nucleated_cells_numberofobjects","TRUE","8216","55","99","0","7980","hoescht","TRUE"
"153","multi_nucleated_cells_number_of_nuclei_mean","FALSE","8216","120","1.01","0.667","1.67","hoescht","TRUE"
"154","multi_nucleated_cells_number_of_nuclei_stdev","FALSE","8216","169","0.105","0","1.34","hoescht","TRUE"
"155","spots_relative_spot_intensity_mean","FALSE","8216","286","0.58","0.332","0.834","h2ax","TRUE"
"156","spots_relative_spot_intensity_stdev","FALSE","8216","412","0.0794","0.000167","0.248","h2ax","TRUE"
"157","spots_corrected_spot_intensity_mean","FALSE","8216","286","899","470","20200","h2ax","TRUE"
"158","spots_corrected_spot_intensity_stdev","FALSE","8216","412","486","0.329","5460","h2ax","TRUE"
"159","spots_uncorrected_spot_peak_intensity_mean","FALSE","8216","286","1800","760","43000","h2ax","TRUE"
"160","spots_uncorrected_spot_peak_intensity_stdev","FALSE","8216","412","1020","3.54","9950","h2ax","TRUE"
"161","spots_spot_contrast_mean","FALSE","8216","286","0.453","0.216","0.846","h2ax","TRUE"
"162","spots_spot_contrast_stdev","FALSE","8216","412","0.114","0.000175","0.307","h2ax","TRUE"
"163","spots_spot_background_intensity_mean","FALSE","8216","286","630","278","5440","h2ax","TRUE"
"164","spots_spot_background_intensity_stdev","FALSE","8216","412","188","0.0866","2910","h2ax","TRUE"
"165","spots_spot_area_px2_mean","FALSE","8216","286","8.7","1","263",NA,"TRUE"
"166","spots_spot_area_px2_stdev","FALSE","8216","412","24.9","0","270",NA,"TRUE"
"167","spots_region_intensity_mean","FALSE","8216","286","903","341","20100","h2ax","TRUE"
"168","spots_region_intensity_stdev","FALSE","8216","412","356","0","6360","h2ax","TRUE"
"169","spots_spot_to_region_intensity_mean","FALSE","8216","286","1.78","1.23","8.16","h2ax","TRUE"
"170","spots_spot_to_region_intensity_stdev","FALSE","8216","412","0.488","0.00543","8","h2ax","TRUE"
"171","h2axpositive_numberofobjects","TRUE","8216","55","8","0","488","h2ax","TRUE"
"172","h2axpositive_intensity_nucleus_alexa488_mean_mean","FALSE","8216","1035","1490","449","20100","h2ax","TRUE"
"173","h2axpositive_intensity_nucleus_alexa488_mean_stdev","FALSE","8216","1722","623","0.636","11300","h2ax","TRUE"
"174","h2axpositive_intensity_cell_mitotrackerdeepred_mean_mean","FALSE","8216","1035","3820","663","52600","mito","TRUE"
"175","h2axpositive_intensity_cell_mitotrackerdeepred_mean_stdev","FALSE","8216","1722","1250","0.0426","38700","mito","TRUE"
"176","h2axpositive_nucleus_hoechst_ser_spot_1px_mean","FALSE","8216","1035","0.0217","0.00618","0.0489","hoescht","TRUE"
"177","h2axpositive_nucleus_hoechst_ser_spot_1px_stdev","FALSE","8216","1722","0.00524","0.00000626","0.024","hoescht","TRUE"
"178","h2axpositive_nucleus_hoechst_ser_hole_1px_mean","FALSE","8216","1035","0.00403","0","0.0163","hoescht","TRUE"
"179","h2axpositive_nucleus_hoechst_ser_hole_1px_stdev","FALSE","8216","1722","0.00219","0","0.0101","hoescht","TRUE"
"180","h2axpositive_nucleus_hoechst_ser_edge_1px_mean","FALSE","8216","1035","0.21","0.0795","0.405","hoescht","TRUE"
"181","h2axpositive_nucleus_hoechst_ser_edge_1px_stdev","FALSE","8216","1722","0.0409","0.0000258","0.192","hoescht","TRUE"
"182","h2axpositive_nucleus_hoechst_ser_ridge_1px_mean","FALSE","8216","1035","0.0281","0.0104","0.0592","hoescht","TRUE"
"183","h2axpositive_nucleus_hoechst_ser_ridge_1px_stdev","FALSE","8216","1722","0.00604","0.000058","0.0323","hoescht","TRUE"
"184","h2axpositive_nucleus_hoechst_ser_valley_1px_mean","FALSE","8216","1035","0.0394","0.00494","0.142","hoescht","TRUE"
"185","h2axpositive_nucleus_hoechst_ser_valley_1px_stdev","FALSE","8216","1722","0.0114","0.0000148","0.0811","hoescht","TRUE"
"186","h2axpositive_nucleus_hoechst_ser_saddle_1px_mean","FALSE","8216","1035","0.0545","0.0108","0.211","hoescht","TRUE"
"187","h2axpositive_nucleus_hoechst_ser_saddle_1px_stdev","FALSE","8216","1722","0.0137","0.00000149","0.0922","hoescht","TRUE"
"188","h2axpositive_nucleus_hoechst_ser_bright_1px_mean","FALSE","8216","1035","0.0435","0.0148","0.0898","hoescht","TRUE"
"189","h2axpositive_nucleus_hoechst_ser_bright_1px_stdev","FALSE","8216","1722","0.00906","0.00000342","0.0445","hoescht","TRUE"
"190","h2axpositive_nucleus_hoechst_ser_dark_1px_mean","FALSE","8216","1035","0.0378","0.00583","0.123","hoescht","TRUE"
"191","h2axpositive_nucleus_hoechst_ser_dark_1px_stdev","FALSE","8216","1722","0.0109","0.0000055","0.0687","hoescht","TRUE"
"192","h2axpositive_nucleus_alexa488_ser_spot_1px_mean","FALSE","8216","1035","0.0211","0.0088","0.0583","h2ax","TRUE"
"193","h2axpositive_nucleus_alexa488_ser_spot_1px_stdev","FALSE","8216","1722","0.00524","0.00002","0.0257","h2ax","TRUE"
"194","h2axpositive_nucleus_alexa488_ser_hole_1px_mean","FALSE","8216","1035","0.0079","0","0.0266","h2ax","TRUE"
"195","h2axpositive_nucleus_alexa488_ser_hole_1px_stdev","FALSE","8216","1722","0.0035","0.0000168","0.0246","h2ax","TRUE"
"196","h2axpositive_nucleus_alexa488_ser_edge_1px_mean","FALSE","8216","1035","0.176","0.0698","0.462","h2ax","TRUE"
"197","h2axpositive_nucleus_alexa488_ser_edge_1px_stdev","FALSE","8216","1722","0.044","0.000012","0.211","h2ax","TRUE"
"198","h2axpositive_nucleus_alexa488_ser_ridge_1px_mean","FALSE","8216","1035","0.0297","0.0119","0.0685","h2ax","TRUE"
"199","h2axpositive_nucleus_alexa488_ser_ridge_1px_stdev","FALSE","8216","1722","0.00657","0.000000241","0.0327","h2ax","TRUE"
"200","h2axpositive_nucleus_alexa488_ser_valley_1px_mean","FALSE","8216","1035","0.0443","0.0097","0.175","h2ax","TRUE"
"201","h2axpositive_nucleus_alexa488_ser_valley_1px_stdev","FALSE","8216","1722","0.016","0.0000637","0.133","h2ax","TRUE"
"202","h2axpositive_nucleus_alexa488_ser_saddle_1px_mean","FALSE","8216","1035","0.0466","0.0142","0.181","h2ax","TRUE"
"203","h2axpositive_nucleus_alexa488_ser_saddle_1px_stdev","FALSE","8216","1722","0.0146","0.0000153","0.0744","h2ax","TRUE"
"204","h2axpositive_nucleus_alexa488_ser_bright_1px_mean","FALSE","8216","1035","0.0443","0.0181","0.105","h2ax","TRUE"
"205","h2axpositive_nucleus_alexa488_ser_bright_1px_stdev","FALSE","8216","1722","0.00978","0.0000334","0.0496","h2ax","TRUE"
"206","h2axpositive_nucleus_alexa488_ser_dark_1px_mean","FALSE","8216","1035","0.0463","0.0108","0.157","h2ax","TRUE"
"207","h2axpositive_nucleus_alexa488_ser_dark_1px_stdev","FALSE","8216","1722","0.0156","0.0000351","0.122","h2ax","TRUE"
"208","h2axpositive_cell_mitotrackerdeepred_ser_spot_1px_mean","FALSE","8216","1035","0.016","0.00576","0.0578","mito","TRUE"
"209","h2axpositive_cell_mitotrackerdeepred_ser_spot_1px_stdev","FALSE","8216","1722","0.00358","0.0000173","0.0186","mito","TRUE"
"210","h2axpositive_cell_mitotrackerdeepred_ser_hole_1px_mean","FALSE","8216","1035","0.0092","0.000146","0.0371","mito","TRUE"
"211","h2axpositive_cell_mitotrackerdeepred_ser_hole_1px_stdev","FALSE","8216","1722","0.00277","0.00000412","0.0137","mito","TRUE"
"212","h2axpositive_cell_mitotrackerdeepred_ser_edge_1px_mean","FALSE","8216","1035","0.129","0.0356","0.516","mito","TRUE"
"213","h2axpositive_cell_mitotrackerdeepred_ser_edge_1px_stdev","FALSE","8216","1722","0.0299","0.0000712","0.212","mito","TRUE"
"214","h2axpositive_cell_mitotrackerdeepred_ser_ridge_1px_mean","FALSE","8216","1035","0.0283","0.00997","0.0746","mito","TRUE"
"215","h2axpositive_cell_mitotrackerdeepred_ser_ridge_1px_stdev","FALSE","8216","1722","0.00608","0.000012","0.0352","mito","TRUE"
"216","h2axpositive_cell_mitotrackerdeepred_ser_valley_1px_mean","FALSE","8216","1035","0.0276","0.00793","0.209","mito","TRUE"
"217","h2axpositive_cell_mitotrackerdeepred_ser_valley_1px_stdev","FALSE","8216","1722","0.00797","0.00000461","0.121","mito","TRUE"
"218","h2axpositive_cell_mitotrackerdeepred_ser_saddle_1px_mean","FALSE","8216","1035","0.0312","0.011","0.128","mito","TRUE"
"219","h2axpositive_cell_mitotrackerdeepred_ser_saddle_1px_stdev","FALSE","8216","1722","0.00726","0.0000123","0.0769","mito","TRUE"
"220","h2axpositive_cell_mitotrackerdeepred_ser_bright_1px_mean","FALSE","8216","1035","0.0388","0.0137","0.116","mito","TRUE"
"221","h2axpositive_cell_mitotrackerdeepred_ser_bright_1px_stdev","FALSE","8216","1722","0.00799","0.00000272","0.0442","mito","TRUE"
"222","h2axpositive_cell_mitotrackerdeepred_ser_dark_1px_mean","FALSE","8216","1035","0.0323","0.00936","0.201","mito","TRUE"
"223","h2axpositive_cell_mitotrackerdeepred_ser_dark_1px_stdev","FALSE","8216","1722","0.00897","0.0000219","0.111","mito","TRUE"
"224","h2axpositive_regression_a_b_mean","FALSE","8216","1035","-2.71","-12.1","-0.00446","comb","TRUE"
"225","h2axpositive_regression_a_b_stdev","FALSE","8216","1722","1.15","0.00363","7.21","comb","TRUE"
"226","h2axpositive_intensity_nucleus_alexa488_mean_2_mean","FALSE","8216","1035","1490","449","20100",NA,"FALSE"
"227","h2axpositive_intensity_nucleus_alexa488_mean_2_stdev","FALSE","8216","1722","623","0.636","11300",NA,"FALSE"
"228","h2axpositive_intensity_nucleus_alexa488_stdev_mean","FALSE","8216","1035","674","242","9800","h2ax","TRUE"
"229","h2axpositive_intensity_nucleus_alexa488_stdev_std_dev","FALSE","8216","1722","343","0.275","5850","h2ax","TRUE"
"230","h2axpositive_intensity_nucleus_alexa488_median_mean","FALSE","8216","1035","1400","301","20700","h2ax","TRUE"
"231","h2axpositive_intensity_nucleus_alexa488_median_stdev","FALSE","8216","1722","634","0","11900","h2ax","TRUE"
"232","h2axpositive_intensity_nucleus_alexa488_quantile_75_percent_mean","FALSE","8216","1035","1870","361","26200","h2ax","TRUE"
"233","h2axpositive_intensity_nucleus_alexa488_quantile_75_percent_stdev","FALSE","8216","1722","858","0","15400","h2ax","TRUE"
"234","h2axpositive_intensity_cell_mitotrackerdeepred_mean_2_mean","FALSE","8216","1035","3820","663","52600",NA,"FALSE"
"235","h2axpositive_intensity_cell_mitotrackerdeepred_mean_2_stdev","FALSE","8216","1722","1250","0.0426","38700",NA,"FALSE"
"236","h2axpositive_intensity_cell_mitotrackerdeepred_stdev_mean","FALSE","8216","1035","1480","100","25900","mito","TRUE"
"237","h2axpositive_intensity_cell_mitotrackerdeepred_stdev_std_dev","FALSE","8216","1722","641","3.58","12200","mito","TRUE"
"238","h2axpositive_intensity_cell_mitotrackerdeepred_median_mean","FALSE","8216","1035","3580","620","65500","mito","TRUE"
"239","h2axpositive_intensity_cell_mitotrackerdeepred_median_stdev","FALSE","8216","1722","1230","3.54","42500","mito","TRUE"
"240","h2axpositive_intensity_cell_mitotrackerdeepred_quantile_75_percent_mean","FALSE","8216","1035","4760","740","65500","mito","TRUE"
"241","h2axpositive_intensity_cell_mitotrackerdeepred_quantile_75_percent_stdev","FALSE","8216","1722","1690","2.12","41800","mito","TRUE"
"242","h2axpositive_intensity_cell_hoechst_mean_mean","FALSE","8216","1035","1720","338","24200","hoescht","TRUE"
"243","h2axpositive_intensity_cell_hoechst_mean_stdev","FALSE","8216","1722","991","0.993","33000","hoescht","TRUE"
"244","h2axpositive_intensity_cell_hoechst_stdev_mean","FALSE","8216","1035","2100","100","20500","hoescht","TRUE"
"245","h2axpositive_intensity_cell_hoechst_stdev_std_dev","FALSE","8216","1722","1440","1.76","14100","hoescht","TRUE"
"246","h2axpositive_intensity_cell_hoechst_median_mean","FALSE","8216","1035","790","280","29800","hoescht","TRUE"
"247","h2axpositive_intensity_cell_hoechst_median_stdev","FALSE","8216","1722","390","0","41100","hoescht","TRUE"
"248","h2axpositive_intensity_cell_hoechst_quantile_75_percent_mean","FALSE","8216","1035","1760","314","36000","hoescht","TRUE"
"249","h2axpositive_intensity_cell_hoechst_quantile_75_percent_stdev","FALSE","8216","1722","1200","0.707","45500","hoescht","TRUE"
"250","h2axpositive_total_spot_area_mean","FALSE","8216","1035","131","9","877","h2ax","TRUE"
"251","h2axpositive_total_spot_area_stdev","FALSE","8216","1722","73","0","443","h2ax","TRUE"
"252","h2axpositive_relative_spot_intensity_mean","FALSE","8216","1035","0.283","0.0125","0.746","h2ax","TRUE"
"253","h2axpositive_relative_spot_intensity_stdev","FALSE","8216","1722","0.109","0.000777","0.401","h2ax","TRUE"
"254","h2axpositive_numberofspots_mean","FALSE","8216","1035","5.92","1","53.3","h2ax","TRUE"
"255","h2axpositive_numberofspots_stdev","FALSE","8216","1722","6.22","0","51.3","h2ax","TRUE"
"256","h2axpositive_numberofspots_per_area_of_nucleus_mean","FALSE","8216","1035","0.0108","0.000727","0.0457","h2ax","TRUE"
"257","h2axpositive_numberofspots_per_area_of_nucleus_stdev","FALSE","8216","1722","0.0075","0","0.0275","h2ax","TRUE"
"258","h2axpositive_regression_a_b_2_mean","FALSE","8216","1035","-2.87","-39.3","-0.0112","comb","TRUE"
"259","h2axpositive_regression_a_b_2_stdev","FALSE","8216","1722","2.39","0.00563","39.7","comb","TRUE"
"260","h2axpositive_cell_area_mm2_mean","FALSE","8216","1035","704","34.4","4420",NA,"TRUE"
"261","h2axpositive_cell_area_mm2_stdev","FALSE","8216","1722","332","0.251","2240",NA,"TRUE"
"262","h2axpositive_cell_roundness_mean","FALSE","8216","1035","0.653","0.217","1.05","mito","TRUE"
"263","h2axpositive_cell_roundness_stdev","FALSE","8216","1722","0.129","0.000124","0.435","mito","TRUE"
"264","h2axpositive_cell_width_mm_mean","FALSE","8216","1035","18.5","4.77","50.4","mito","TRUE"
"265","h2axpositive_cell_width_mm_stdev","FALSE","8216","1722","4.98","0","22.5","mito","TRUE"
"266","h2axpositive_cell_length_mm_mean","FALSE","8216","1035","45.9","7.37","204","mito","TRUE"
"267","h2axpositive_cell_length_mm_stdev","FALSE","8216","1722","16.7","0","127","mito","TRUE"
"268","h2axnegative_numberofobjects","TRUE","8216","55","54","0","5410","hoescht","TRUE"
"269","h2axnegative_intensity_nucleus_alexa488_mean_mean","FALSE","8216","153","587","236","4460","h2ax","TRUE"
"270","h2axnegative_intensity_nucleus_alexa488_mean_stdev","FALSE","8216","297","157","2.05","9170","h2ax","TRUE"
"271","h2axnegative_intensity_cell_mitotrackerdeepred_mean_mean","FALSE","8216","153","3350","596","28400","mito","TRUE"
"272","h2axnegative_intensity_cell_mitotrackerdeepred_mean_stdev","FALSE","8216","297","1250","17.7","35400","mito","TRUE"
"273","h2axnegative_nucleus_hoechst_ser_spot_1px_mean","FALSE","8216","153","0.0207","0.00595","0.0544","hoescht","TRUE"
"274","h2axnegative_nucleus_hoechst_ser_spot_1px_stdev","FALSE","8216","297","0.00536","0.0000494","0.0203","hoescht","TRUE"
"275","h2axnegative_nucleus_hoechst_ser_hole_1px_mean","FALSE","8216","153","0.00405","0","0.00943","hoescht","TRUE"
"276","h2axnegative_nucleus_hoechst_ser_hole_1px_stdev","FALSE","8216","297","0.00208","0","0.00767","hoescht","TRUE"
"277","h2axnegative_nucleus_hoechst_ser_edge_1px_mean","FALSE","8216","153","0.188","0.0817","0.353","hoescht","TRUE"
"278","h2axnegative_nucleus_hoechst_ser_edge_1px_stdev","FALSE","8216","297","0.0411","0.000542","0.18","hoescht","TRUE"
"279","h2axnegative_nucleus_hoechst_ser_ridge_1px_mean","FALSE","8216","153","0.0267","0.0116","0.0722","hoescht","TRUE"
"280","h2axnegative_nucleus_hoechst_ser_ridge_1px_stdev","FALSE","8216","297","0.00609","0.000127","0.0399","hoescht","TRUE"
"281","h2axnegative_nucleus_hoechst_ser_valley_1px_mean","FALSE","8216","153","0.035","0.00343","0.0645","hoescht","TRUE"
"282","h2axnegative_nucleus_hoechst_ser_valley_1px_stdev","FALSE","8216","297","0.012","0.0000406","0.046","hoescht","TRUE"
"283","h2axnegative_nucleus_hoechst_ser_saddle_1px_mean","FALSE","8216","153","0.0494","0.00925","0.0861","hoescht","TRUE"
"284","h2axnegative_nucleus_hoechst_ser_saddle_1px_stdev","FALSE","8216","297","0.0141","0.0000886","0.0553","hoescht","TRUE"
"285","h2axnegative_nucleus_hoechst_ser_bright_1px_mean","FALSE","8216","153","0.0414","0.0164","0.0916","hoescht","TRUE"
"286","h2axnegative_nucleus_hoechst_ser_bright_1px_stdev","FALSE","8216","297","0.00927","0.0000539","0.0451","hoescht","TRUE"
"287","h2axnegative_nucleus_hoechst_ser_dark_1px_mean","FALSE","8216","153","0.0336","0.00374","0.0629","hoescht","TRUE"
"288","h2axnegative_nucleus_hoechst_ser_dark_1px_stdev","FALSE","8216","297","0.0113","0.000111","0.0466","hoescht","TRUE"
"289","h2axnegative_nucleus_alexa488_ser_spot_1px_mean","FALSE","8216","153","0.0142","0.00613","0.0346","h2ax","TRUE"
"290","h2axnegative_nucleus_alexa488_ser_spot_1px_stdev","FALSE","8216","297","0.00386","0.00000635","0.0185","h2ax","TRUE"
"291","h2axnegative_nucleus_alexa488_ser_hole_1px_mean","FALSE","8216","153","0.00647","0.000366","0.012","h2ax","TRUE"
"292","h2axnegative_nucleus_alexa488_ser_hole_1px_stdev","FALSE","8216","297","0.00218","0.00000187","0.00915","h2ax","TRUE"
"293","h2axnegative_nucleus_alexa488_ser_edge_1px_mean","FALSE","8216","153","0.0888","0.017","0.211","h2ax","TRUE"
"294","h2axnegative_nucleus_alexa488_ser_edge_1px_stdev","FALSE","8216","297","0.0278","0.0000124","0.167","h2ax","TRUE"
"295","h2axnegative_nucleus_alexa488_ser_ridge_1px_mean","FALSE","8216","153","0.0203","0.00903","0.055","h2ax","TRUE"
"296","h2axnegative_nucleus_alexa488_ser_ridge_1px_stdev","FALSE","8216","297","0.00491","0.0000284","0.0286","h2ax","TRUE"
"297","h2axnegative_nucleus_alexa488_ser_valley_1px_mean","FALSE","8216","153","0.021","0.00599","0.0913","h2ax","TRUE"
"298","h2axnegative_nucleus_alexa488_ser_valley_1px_stdev","FALSE","8216","297","0.00854","0.0000661","0.0506","h2ax","TRUE"
"299","h2axnegative_nucleus_alexa488_ser_saddle_1px_mean","FALSE","8216","153","0.0256","0.00806","0.0925","h2ax","TRUE"
"300","h2axnegative_nucleus_alexa488_ser_saddle_1px_stdev","FALSE","8216","297","0.00921","0.000006","0.05","h2ax","TRUE"
"301","h2axnegative_nucleus_alexa488_ser_bright_1px_mean","FALSE","8216","153","0.0301","0.0135","0.0772","h2ax","TRUE"
"302","h2axnegative_nucleus_alexa488_ser_bright_1px_stdev","FALSE","8216","297","0.00739","0.000119","0.0313","h2ax","TRUE"
"303","h2axnegative_nucleus_alexa488_ser_dark_1px_mean","FALSE","8216","153","0.0239","0.0069","0.0864","h2ax","TRUE"
"304","h2axnegative_nucleus_alexa488_ser_dark_1px_stdev","FALSE","8216","297","0.0086","0.0000277","0.0445","h2ax","TRUE"
"305","h2axnegative_cell_mitotrackerdeepred_ser_spot_1px_mean","FALSE","8216","153","0.0169","0.00421","0.0602","mito","TRUE"
"306","h2axnegative_cell_mitotrackerdeepred_ser_spot_1px_stdev","FALSE","8216","297","0.00445","0.0000382","0.0413","mito","TRUE"
"307","h2axnegative_cell_mitotrackerdeepred_ser_hole_1px_mean","FALSE","8216","153","0.00907","0","0.0245","mito","TRUE"
"308","h2axnegative_cell_mitotrackerdeepred_ser_hole_1px_stdev","FALSE","8216","297","0.00316","0","0.0314","mito","TRUE"
"309","h2axnegative_cell_mitotrackerdeepred_ser_edge_1px_mean","FALSE","8216","153","0.13","0.0274","0.449","mito","TRUE"
"310","h2axnegative_cell_mitotrackerdeepred_ser_edge_1px_stdev","FALSE","8216","297","0.0377","0.000752","0.29","mito","TRUE"
"311","h2axnegative_cell_mitotrackerdeepred_ser_ridge_1px_mean","FALSE","8216","153","0.0287","0.00836","0.0817","mito","TRUE"
"312","h2axnegative_cell_mitotrackerdeepred_ser_ridge_1px_stdev","FALSE","8216","297","0.0069","0.0000365","0.0441","mito","TRUE"
"313","h2axnegative_cell_mitotrackerdeepred_ser_valley_1px_mean","FALSE","8216","153","0.0307","0.0062","0.199","mito","TRUE"
"314","h2axnegative_cell_mitotrackerdeepred_ser_valley_1px_stdev","FALSE","8216","297","0.0108","0.0000277","0.171","mito","TRUE"
"315","h2axnegative_cell_mitotrackerdeepred_ser_saddle_1px_mean","FALSE","8216","153","0.0333","0.0082","0.116","mito","TRUE"
"316","h2axnegative_cell_mitotrackerdeepred_ser_saddle_1px_stdev","FALSE","8216","297","0.0095","0.0000141","0.0976","mito","TRUE"
"317","h2axnegative_cell_mitotrackerdeepred_ser_bright_1px_mean","FALSE","8216","153","0.0399","0.012","0.123","mito","TRUE"
"318","h2axnegative_cell_mitotrackerdeepred_ser_bright_1px_stdev","FALSE","8216","297","0.00942","0.0000235","0.0537","mito","TRUE"
"319","h2axnegative_cell_mitotrackerdeepred_ser_dark_1px_mean","FALSE","8216","153","0.0353","0.0073","0.197","mito","TRUE"
"320","h2axnegative_cell_mitotrackerdeepred_ser_dark_1px_stdev","FALSE","8216","297","0.0116","0.000158","0.178","mito","TRUE"
"321","h2axnegative_regression_a_b_mean","FALSE","8216","153","-1.55","-12.5","-0.0114","comb","TRUE"
"322","h2axnegative_regression_a_b_stdev","FALSE","8216","297","0.954","0.00673","9.88","comb","TRUE"
"323","h2axnegative_intensity_nucleus_alexa488_mean_2_mean","FALSE","8216","153","587","236","4460",NA,"FALSE"
"324","h2axnegative_intensity_nucleus_alexa488_mean_2_stdev","FALSE","8216","297","157","2.05","9170",NA,"FALSE"
"325","h2axnegative_intensity_nucleus_alexa488_stdev_mean","FALSE","8216","153","159","23.9","1790","h2ax","TRUE"
"326","h2axnegative_intensity_nucleus_alexa488_stdev_std_dev","FALSE","8216","297","89.8","0.238","3910","h2ax","TRUE"
"327","h2axnegative_intensity_nucleus_alexa488_median_mean","FALSE","8216","153","570","231","5100","h2ax","TRUE"
"328","h2axnegative_intensity_nucleus_alexa488_median_stdev","FALSE","8216","297","154","0.707","10800","h2ax","TRUE"
"329","h2axnegative_intensity_nucleus_alexa488_quantile_75_percent_mean","FALSE","8216","153","677","252","5950","h2ax","TRUE"
"330","h2axnegative_intensity_nucleus_alexa488_quantile_75_percent_stdev","FALSE","8216","297","195","1.41","12500","h2ax","TRUE"
"331","h2axnegative_intensity_cell_mitotrackerdeepred_mean_2_mean","FALSE","8216","153","3350","596","28400",NA,"FALSE"
"332","h2axnegative_intensity_cell_mitotrackerdeepred_mean_2_stdev","FALSE","8216","297","1250","17.7","35400",NA,"FALSE"
"333","h2axnegative_intensity_cell_mitotrackerdeepred_stdev_mean","FALSE","8216","153","1330","58.1","15800","mito","TRUE"
"334","h2axnegative_intensity_cell_mitotrackerdeepred_stdev_std_dev","FALSE","8216","297","700","7.63","12400","mito","TRUE"
"335","h2axnegative_intensity_cell_mitotrackerdeepred_median_mean","FALSE","8216","153","3140","570","34500","mito","TRUE"
"336","h2axnegative_intensity_cell_mitotrackerdeepred_median_stdev","FALSE","8216","297","1200","23.3","43900","mito","TRUE"
"337","h2axnegative_intensity_cell_mitotrackerdeepred_quantile_75_percent_mean","FALSE","8216","153","4190","610","38000","mito","TRUE"
"338","h2axnegative_intensity_cell_mitotrackerdeepred_quantile_75_percent_stdev","FALSE","8216","297","1710","4.95","43400","mito","TRUE"
"339","h2axnegative_intensity_cell_hoechst_mean_mean","FALSE","8216","153","1220","396","11800","hoescht","TRUE"
"340","h2axnegative_intensity_cell_hoechst_mean_stdev","FALSE","8216","297","798","6.01","14900","hoescht","TRUE"
"341","h2axnegative_intensity_cell_hoechst_stdev_mean","FALSE","8216","153","1310","87.4","13300","hoescht","TRUE"
"342","h2axnegative_intensity_cell_hoechst_stdev_std_dev","FALSE","8216","297","1090","2.49","12000","hoescht","TRUE"
"343","h2axnegative_intensity_cell_hoechst_median_mean","FALSE","8216","153","652","292","10500","hoescht","TRUE"
"344","h2axnegative_intensity_cell_hoechst_median_stdev","FALSE","8216","297","350","1.41","13100","hoescht","TRUE"
"345","h2axnegative_intensity_cell_hoechst_quantile_75_percent_mean","FALSE","8216","153","1340","350","17800","hoescht","TRUE"
"346","h2axnegative_intensity_cell_hoechst_quantile_75_percent_stdev","FALSE","8216","297","1010","4.95","20100","hoescht","TRUE"
"347","h2axnegative_total_spot_area_mean","FALSE","8216","153","8.99","0","178","mito","TRUE"
"348","h2axnegative_total_spot_area_stdev","FALSE","8216","297","18","0","191","mito","TRUE"
"349","h2axnegative_relative_spot_intensity_mean","FALSE","8216","153","0.0205","0","0.23","h2ax","TRUE"
"350","h2axnegative_relative_spot_intensity_stdev","FALSE","8216","297","0.0352","0","0.318","h2ax","TRUE"
"351","h2axnegative_numberofspots_mean","FALSE","8216","153","1.61","0","23","h2ax","TRUE"
"352","h2axnegative_numberofspots_stdev","FALSE","8216","297","2.77","0","21.2","h2ax","TRUE"
"353","h2axnegative_numberofspots_per_area_of_nucleus_mean","FALSE","8216","153","0.0035","0","0.02","h2ax","TRUE"
"354","h2axnegative_numberofspots_per_area_of_nucleus_stdev","FALSE","8216","297","0.00515","0","0.0189","h2ax","TRUE"
"355","h2axnegative_regression_a_b_2_mean","FALSE","8216","153","3.44","0.185","6.34","comb","TRUE"
"356","h2axnegative_regression_a_b_2_stdev","FALSE","8216","297","0.95","0.00315","9.87","comb","TRUE"
"357","h2axnegative_cell_area_mm2_mean","FALSE","8216","153","723","33.3","3340",NA,"TRUE"
"358","h2axnegative_cell_area_mm2_stdev","FALSE","8216","297","348","1","2280",NA,"TRUE"
"359","h2axnegative_cell_roundness_mean","FALSE","8216","153","0.629","0.25","1.04","mito","TRUE"
"360","h2axnegative_cell_roundness_stdev","FALSE","8216","297","0.135","0.000594","0.457","mito","TRUE"
"361","h2axnegative_cell_width_mm_mean","FALSE","8216","153","18.2","4.76","40.5","mito","TRUE"
"362","h2axnegative_cell_width_mm_stdev","FALSE","8216","297","5.36","0","25.6","mito","TRUE"
"363","h2axnegative_cell_length_mm_mean","FALSE","8216","153","48.4","7.46","235","mito","TRUE"
"364","h2axnegative_cell_length_mm_stdev","FALSE","8216","297","18.1","0.0148","84.5","mito","TRUE"
"365","stressed_numberofobjects","TRUE","8216","55","6","0","2480","all","TRUE"
"366","stressed_intensity_nucleus_alexa488_mean_mean","FALSE","8216","960","767","270","20100","h2ax","TRUE"
"367","stressed_intensity_nucleus_alexa488_mean_stdev","FALSE","8216","1796","344","0.0666","12600","h2ax","TRUE"
"368","stressed_intensity_cell_mitotrackerdeepred_mean_mean","FALSE","8216","960","6490","2230","56500","mito","TRUE"
"369","stressed_intensity_cell_mitotrackerdeepred_mean_stdev","FALSE","8216","1796","1510","3.18","33000","mito","TRUE"
"370","stressed_nucleus_hoechst_ser_spot_1px_mean","FALSE","8216","960","0.02","0.00611","0.0544","hoescht","TRUE"
"371","stressed_nucleus_hoechst_ser_spot_1px_stdev","FALSE","8216","1796","0.00573","0.0000025","0.0274","hoescht","TRUE"
"372","stressed_nucleus_hoechst_ser_hole_1px_mean","FALSE","8216","960","0.00245","0","0.0149","hoescht","TRUE"
"373","stressed_nucleus_hoechst_ser_hole_1px_stdev","FALSE","8216","1796","0.002","0","0.0138","hoescht","TRUE"
"374","stressed_nucleus_hoechst_ser_edge_1px_mean","FALSE","8216","960","0.208","0.066","0.373","hoescht","TRUE"
"375","stressed_nucleus_hoechst_ser_edge_1px_stdev","FALSE","8216","1796","0.0502","0.0000695","0.177","hoescht","TRUE"
"376","stressed_nucleus_hoechst_ser_ridge_1px_mean","FALSE","8216","960","0.0264","0.0107","0.0624","hoescht","TRUE"
"377","stressed_nucleus_hoechst_ser_ridge_1px_stdev","FALSE","8216","1796","0.00681","0.00000502","0.0399","hoescht","TRUE"
"378","stressed_nucleus_hoechst_ser_valley_1px_mean","FALSE","8216","960","0.0323","0.000613","0.0944","hoescht","TRUE"
"379","stressed_nucleus_hoechst_ser_valley_1px_stdev","FALSE","8216","1796","0.0121","0.0000194","0.107","hoescht","TRUE"
"380","stressed_nucleus_hoechst_ser_saddle_1px_mean","FALSE","8216","960","0.0479","0.00386","0.132","hoescht","TRUE"
"381","stressed_nucleus_hoechst_ser_saddle_1px_stdev","FALSE","8216","1796","0.0157","0.00000259","0.115","hoescht","TRUE"
"382","stressed_nucleus_hoechst_ser_bright_1px_mean","FALSE","8216","960","0.0405","0.0154","0.084","hoescht","TRUE"
"383","stressed_nucleus_hoechst_ser_bright_1px_stdev","FALSE","8216","1796","0.0101","0.00000171","0.0451","hoescht","TRUE"
"384","stressed_nucleus_hoechst_ser_dark_1px_mean","FALSE","8216","960","0.0305","0.000728","0.082","hoescht","TRUE"
"385","stressed_nucleus_hoechst_ser_dark_1px_stdev","FALSE","8216","1796","0.0113","0.0000165","0.0941","hoescht","TRUE"
"386","stressed_nucleus_alexa488_ser_spot_1px_mean","FALSE","8216","960","0.0157","0.00629","0.0504","h2ax","TRUE"
"387","stressed_nucleus_alexa488_ser_spot_1px_stdev","FALSE","8216","1796","0.00476","0.00000842","0.0287","h2ax","TRUE"
"388","stressed_nucleus_alexa488_ser_hole_1px_mean","FALSE","8216","960","0.00561","0","0.0235","h2ax","TRUE"
"389","stressed_nucleus_alexa488_ser_hole_1px_stdev","FALSE","8216","1796","0.00232","0.000000264","0.019","h2ax","TRUE"
"390","stressed_nucleus_alexa488_ser_edge_1px_mean","FALSE","8216","960","0.116","0.0248","0.469","h2ax","TRUE"
"391","stressed_nucleus_alexa488_ser_edge_1px_stdev","FALSE","8216","1796","0.0465","0.000118","0.235","h2ax","TRUE"
"392","stressed_nucleus_alexa488_ser_ridge_1px_mean","FALSE","8216","960","0.0224","0.0103","0.0692","h2ax","TRUE"
"393","stressed_nucleus_alexa488_ser_ridge_1px_stdev","FALSE","8216","1796","0.00635","0.0000141","0.0393","h2ax","TRUE"
"394","stressed_nucleus_alexa488_ser_valley_1px_mean","FALSE","8216","960","0.0246","0.00524","0.211","h2ax","TRUE"
"395","stressed_nucleus_alexa488_ser_valley_1px_stdev","FALSE","8216","1796","0.0126","0.000057","0.12","h2ax","TRUE"
"396","stressed_nucleus_alexa488_ser_saddle_1px_mean","FALSE","8216","960","0.0295","0.00992","0.14","h2ax","TRUE"
"397","stressed_nucleus_alexa488_ser_saddle_1px_stdev","FALSE","8216","1796","0.012","0.0000284","0.0777","h2ax","TRUE"
"398","stressed_nucleus_alexa488_ser_bright_1px_mean","FALSE","8216","960","0.0333","0.0148","0.0992","h2ax","TRUE"
"399","stressed_nucleus_alexa488_ser_bright_1px_stdev","FALSE","8216","1796","0.0093","0.0000119","0.0516","h2ax","TRUE"
"400","stressed_nucleus_alexa488_ser_dark_1px_mean","FALSE","8216","960","0.0268","0.00692","0.203","h2ax","TRUE"
"401","stressed_nucleus_alexa488_ser_dark_1px_stdev","FALSE","8216","1796","0.0122","0.00000389","0.108","h2ax","TRUE"
"402","stressed_cell_mitotrackerdeepred_ser_spot_1px_mean","FALSE","8216","960","0.0199","0.0081","0.0699","mito","TRUE"
"403","stressed_cell_mitotrackerdeepred_ser_spot_1px_stdev","FALSE","8216","1796","0.00472","0.00000357","0.0345","mito","TRUE"
"404","stressed_cell_mitotrackerdeepred_ser_hole_1px_mean","FALSE","8216","960","0.00953","0","0.0371","mito","TRUE"
"405","stressed_cell_mitotrackerdeepred_ser_hole_1px_stdev","FALSE","8216","1796","0.00393","0.0000255","0.0314","mito","TRUE"
"406","stressed_cell_mitotrackerdeepred_ser_edge_1px_mean","FALSE","8216","960","0.188","0.0699","0.509","mito","TRUE"
"407","stressed_cell_mitotrackerdeepred_ser_edge_1px_stdev","FALSE","8216","1796","0.0436","0.0000712","0.258","mito","TRUE"
"408","stressed_cell_mitotrackerdeepred_ser_ridge_1px_mean","FALSE","8216","960","0.0338","0.0133","0.0904","mito","TRUE"
"409","stressed_cell_mitotrackerdeepred_ser_ridge_1px_stdev","FALSE","8216","1796","0.00726","0.00000000345","0.0628","mito","TRUE"
"410","stressed_cell_mitotrackerdeepred_ser_valley_1px_mean","FALSE","8216","960","0.0422","0.0112","0.22","mito","TRUE"
"411","stressed_cell_mitotrackerdeepred_ser_valley_1px_stdev","FALSE","8216","1796","0.0142","0.0000277","0.23","mito","TRUE"
"412","stressed_cell_mitotrackerdeepred_ser_saddle_1px_mean","FALSE","8216","960","0.0423","0.0158","0.149","mito","TRUE"
"413","stressed_cell_mitotrackerdeepred_ser_saddle_1px_stdev","FALSE","8216","1796","0.0112","0.0000482","0.108","mito","TRUE"
"414","stressed_cell_mitotrackerdeepred_ser_bright_1px_mean","FALSE","8216","960","0.047","0.0207","0.123","mito","TRUE"
"415","stressed_cell_mitotrackerdeepred_ser_bright_1px_stdev","FALSE","8216","1796","0.0098","0.000042","0.0716","mito","TRUE"
"416","stressed_cell_mitotrackerdeepred_ser_dark_1px_mean","FALSE","8216","960","0.0466","0.0106","0.226","mito","TRUE"
"417","stressed_cell_mitotrackerdeepred_ser_dark_1px_stdev","FALSE","8216","1796","0.0144","0.0000249","0.225","mito","TRUE"
"418","stressed_regression_a_b_mean","FALSE","8216","960","-2.08","-14.1","-0.0012","comb","TRUE"
"419","stressed_regression_a_b_stdev","FALSE","8216","1796","1.2","0.00132","10.1","comb","TRUE"
"420","stressed_intensity_nucleus_alexa488_mean_2_mean","FALSE","8216","960","767","270","20100",NA,"FALSE"
"421","stressed_intensity_nucleus_alexa488_mean_2_stdev","FALSE","8216","1796","344","0.0666","12600",NA,"FALSE"
"422","stressed_intensity_nucleus_alexa488_stdev_mean","FALSE","8216","960","262","29","9800","h2ax","TRUE"
"423","stressed_intensity_nucleus_alexa488_stdev_std_dev","FALSE","8216","1796","205","0.0509","6580","h2ax","TRUE"
"424","stressed_intensity_nucleus_alexa488_median_mean","FALSE","8216","960","730","269","20700","h2ax","TRUE"
"425","stressed_intensity_nucleus_alexa488_median_stdev","FALSE","8216","1796","321","0.707","15000","h2ax","TRUE"
"426","stressed_intensity_nucleus_alexa488_quantile_75_percent_mean","FALSE","8216","960","922","289","26200","h2ax","TRUE"
"427","stressed_intensity_nucleus_alexa488_quantile_75_percent_stdev","FALSE","8216","1796","464","0.707","17100","h2ax","TRUE"
"428","stressed_intensity_cell_mitotrackerdeepred_mean_2_mean","FALSE","8216","960","6490","2230","56500",NA,"FALSE"
"429","stressed_intensity_cell_mitotrackerdeepred_mean_2_stdev","FALSE","8216","1796","1510","3.18","33000",NA,"FALSE"
"430","stressed_intensity_cell_mitotrackerdeepred_stdev_mean","FALSE","8216","960","3130","1380","24200","mito","TRUE"
"431","stressed_intensity_cell_mitotrackerdeepred_stdev_std_dev","FALSE","8216","1796","1060","3.54","14200","mito","TRUE"
"432","stressed_intensity_cell_mitotrackerdeepred_median_mean","FALSE","8216","960","6120","1830","65500","mito","TRUE"
"433","stressed_intensity_cell_mitotrackerdeepred_median_stdev","FALSE","8216","1796","1410","4.24","42100","mito","TRUE"
"434","stressed_intensity_cell_mitotrackerdeepred_quantile_75_percent_mean","FALSE","8216","960","8530","2140","65500","mito","TRUE"
"435","stressed_intensity_cell_mitotrackerdeepred_quantile_75_percent_stdev","FALSE","8216","1796","2150","3.54","44200","mito","TRUE"
"436","stressed_intensity_cell_hoechst_mean_mean","FALSE","8216","960","1750","405","22400","hoescht","TRUE"
"437","stressed_intensity_cell_hoechst_mean_stdev","FALSE","8216","1796","1110","0.0413","13700","hoescht","TRUE"
"438","stressed_intensity_cell_hoechst_stdev_mean","FALSE","8216","960","1880","87.3","21300","hoescht","TRUE"
"439","stressed_intensity_cell_hoechst_stdev_std_dev","FALSE","8216","1796","1570","0.403","14800","hoescht","TRUE"
"440","stressed_intensity_cell_hoechst_median_mean","FALSE","8216","960","959","328","19800","hoescht","TRUE"
"441","stressed_intensity_cell_hoechst_median_stdev","FALSE","8216","1796","447","0.707","13400","hoescht","TRUE"
"442","stressed_intensity_cell_hoechst_quantile_75_percent_mean","FALSE","8216","960","1980","423","30200","hoescht","TRUE"
"443","stressed_intensity_cell_hoechst_quantile_75_percent_stdev","FALSE","8216","1796","1380","1.41","23300","hoescht","TRUE"
"444","stressed_total_spot_area_mean","FALSE","8216","960","24.5","0","843","h2ax","TRUE"
"445","stressed_total_spot_area_stdev","FALSE","8216","1796","38.1","0","914","h2ax","TRUE"
"446","stressed_relative_spot_intensity_mean","FALSE","8216","960","0.0709","0","0.813","h2ax","TRUE"
"447","stressed_relative_spot_intensity_stdev","FALSE","8216","1796","0.112","0","0.489","h2ax","TRUE"
"448","stressed_numberofspots_mean","FALSE","8216","960","1.33","0","24","h2ax","TRUE"
"449","stressed_numberofspots_stdev","FALSE","8216","1796","1.67","0","19.1","h2ax","TRUE"
"450","stressed_numberofspots_per_area_of_nucleus_mean","FALSE","8216","960","0.00418","0","0.0361","h2ax","TRUE"
"451","stressed_numberofspots_per_area_of_nucleus_stdev","FALSE","8216","1796","0.00454","0","0.0244","h2ax","TRUE"
"452","stressed_regression_a_b_2_mean","FALSE","8216","960","2.19","-35.9","7.02","comb","TRUE"
"453","stressed_regression_a_b_2_stdev","FALSE","8216","1796","2.51","0.00253","42.8","comb","TRUE"
"454","stressed_h2axpositive_mean","FALSE","8216","960","0.143","0","1","comb","TRUE"
"455","stressed_h2axpositive_stdev","FALSE","8216","1796","0.378","0","0.707","comb","TRUE"
"456","stressed_h2axnegative_mean","FALSE","8216","960","0.857","0","1","comb","TRUE"
"457","stressed_h2axnegative_stdev","FALSE","8216","1796","0.378","0","0.707","comb","TRUE"
"458","stressed_regression_a_b_3_mean","FALSE","8216","960","-0.406","-18.9","-0.000303","comb","TRUE"
"459","stressed_regression_a_b_3_stdev","FALSE","8216","1796","0.384","0.000172","13.6","comb","TRUE"
"460","stressed_cell_area_mm2_mean","FALSE","8216","960","378","31.2","2610",NA,"TRUE"
"461","stressed_cell_area_mm2_stdev","FALSE","8216","1796","226","0","2240",NA,"TRUE"
"462","stressed_cell_roundness_mean","FALSE","8216","960","0.779","0.163","1.07","mito","TRUE"
"463","stressed_cell_roundness_stdev","FALSE","8216","1796","0.14","0.0000847","0.506","mito","TRUE"
"464","stressed_cell_width_mm_mean","FALSE","8216","960","14.5","3.77","35","mito","TRUE"
"465","stressed_cell_width_mm_stdev","FALSE","8216","1796","4.13","0","22.4","mito","TRUE"
"466","stressed_cell_length_mm_mean","FALSE","8216","960","30.7","6.55","270","mito","TRUE"
"467","stressed_cell_length_mm_stdev","FALSE","8216","1796","13.8","0.0374","124","mito","TRUE"
"468","unstressed_numberofobjects","TRUE","8216","55","54","0","5590","hoescht","TRUE"
"469","unstressed_intensity_nucleus_alexa488_mean_mean","FALSE","8216","263","672","237","6160","h2ax","TRUE"
"470","unstressed_intensity_nucleus_alexa488_mean_stdev","FALSE","8216","472","291","0.976","7170","h2ax","TRUE"
"471","unstressed_intensity_cell_mitotrackerdeepred_mean_mean","FALSE","8216","263","3020","663","7310","mito","TRUE"
"472","unstressed_intensity_cell_mitotrackerdeepred_mean_stdev","FALSE","8216","472","863","0.468","3550","mito","TRUE"
"473","unstressed_nucleus_hoechst_ser_spot_1px_mean","FALSE","8216","263","0.021","0.00595","0.0469","hoescht","TRUE"
"474","unstressed_nucleus_hoechst_ser_spot_1px_stdev","FALSE","8216","472","0.00522","0.0000163","0.0246","hoescht","TRUE"
"475","unstressed_nucleus_hoechst_ser_hole_1px_mean","FALSE","8216","263","0.00432","0","0.0117","hoescht","TRUE"
"476","unstressed_nucleus_hoechst_ser_hole_1px_stdev","FALSE","8216","472","0.0021","0","0.00651","hoescht","TRUE"
"477","unstressed_nucleus_hoechst_ser_edge_1px_mean","FALSE","8216","263","0.188","0.0631","0.357","hoescht","TRUE"
"478","unstressed_nucleus_hoechst_ser_edge_1px_stdev","FALSE","8216","472","0.0389","0.000843","0.166","hoescht","TRUE"
"479","unstressed_nucleus_hoechst_ser_ridge_1px_mean","FALSE","8216","263","0.027","0.0118","0.0722","hoescht","TRUE"
"480","unstressed_nucleus_hoechst_ser_ridge_1px_stdev","FALSE","8216","472","0.00598","0.0000485","0.0266","hoescht","TRUE"
"481","unstressed_nucleus_hoechst_ser_valley_1px_mean","FALSE","8216","263","0.0361","0.0049","0.0896","hoescht","TRUE"
"482","unstressed_nucleus_hoechst_ser_valley_1px_stdev","FALSE","8216","472","0.0119","0.0000485","0.0468","hoescht","TRUE"
"483","unstressed_nucleus_hoechst_ser_saddle_1px_mean","FALSE","8216","263","0.0505","0.0121","0.11","hoescht","TRUE"
"484","unstressed_nucleus_hoechst_ser_saddle_1px_stdev","FALSE","8216","472","0.0139","0.0000291","0.0487","hoescht","TRUE"
"485","unstressed_nucleus_hoechst_ser_bright_1px_mean","FALSE","8216","263","0.0419","0.0166","0.0916","hoescht","TRUE"
"486","unstressed_nucleus_hoechst_ser_bright_1px_stdev","FALSE","8216","472","0.0091","0.0000539","0.033","hoescht","TRUE"
"487","unstressed_nucleus_hoechst_ser_dark_1px_mean","FALSE","8216","263","0.0348","0.00424","0.088","hoescht","TRUE"
"488","unstressed_nucleus_hoechst_ser_dark_1px_stdev","FALSE","8216","472","0.0113","0.000023","0.04","hoescht","TRUE"
"489","unstressed_nucleus_alexa488_ser_spot_1px_mean","FALSE","8216","263","0.0148","0.00531","0.038","h2ax","TRUE"
"490","unstressed_nucleus_alexa488_ser_spot_1px_stdev","FALSE","8216","472","0.00432","0.00000635","0.0207","h2ax","TRUE"
"491","unstressed_nucleus_alexa488_ser_hole_1px_mean","FALSE","8216","263","0.00681","0.000159","0.0214","h2ax","TRUE"
"492","unstressed_nucleus_alexa488_ser_hole_1px_stdev","FALSE","8216","472","0.00241","0.0000333","0.0107","h2ax","TRUE"
"493","unstressed_nucleus_alexa488_ser_edge_1px_mean","FALSE","8216","263","0.0948","0.0205","0.351","h2ax","TRUE"
"494","unstressed_nucleus_alexa488_ser_edge_1px_stdev","FALSE","8216","472","0.0348","0.0000746","0.198","h2ax","TRUE"
"495","unstressed_nucleus_alexa488_ser_ridge_1px_mean","FALSE","8216","263","0.0212","0.00824","0.054","h2ax","TRUE"
"496","unstressed_nucleus_alexa488_ser_ridge_1px_stdev","FALSE","8216","472","0.00552","0.0000000000251","0.0286","h2ax","TRUE"
"497","unstressed_nucleus_alexa488_ser_valley_1px_mean","FALSE","8216","263","0.0237","0.00615","0.106","h2ax","TRUE"
"498","unstressed_nucleus_alexa488_ser_valley_1px_stdev","FALSE","8216","472","0.0111","0.00000171","0.0931","h2ax","TRUE"
"499","unstressed_nucleus_alexa488_ser_saddle_1px_mean","FALSE","8216","263","0.0278","0.00885","0.0982","h2ax","TRUE"
"500","unstressed_nucleus_alexa488_ser_saddle_1px_stdev","FALSE","8216","472","0.0113","0.000006","0.0704","h2ax","TRUE"
"501","unstressed_nucleus_alexa488_ser_bright_1px_mean","FALSE","8216","263","0.0314","0.0119","0.0789","h2ax","TRUE"
"502","unstressed_nucleus_alexa488_ser_bright_1px_stdev","FALSE","8216","472","0.00833","0.000034","0.0371","h2ax","TRUE"
"503","unstressed_nucleus_alexa488_ser_dark_1px_mean","FALSE","8216","263","0.0269","0.0069","0.099","h2ax","TRUE"
"504","unstressed_nucleus_alexa488_ser_dark_1px_stdev","FALSE","8216","472","0.011","0.0000665","0.0826","h2ax","TRUE"
"505","unstressed_cell_mitotrackerdeepred_ser_spot_1px_mean","FALSE","8216","263","0.0161","0.0055","0.0423","mito","TRUE"
"506","unstressed_cell_mitotrackerdeepred_ser_spot_1px_stdev","FALSE","8216","472","0.00412","0.00000624","0.0258","mito","TRUE"
"507","unstressed_cell_mitotrackerdeepred_ser_hole_1px_mean","FALSE","8216","263","0.0091","0","0.0289","mito","TRUE"
"508","unstressed_cell_mitotrackerdeepred_ser_hole_1px_stdev","FALSE","8216","472","0.00298","0","0.0183","mito","TRUE"
"509","unstressed_cell_mitotrackerdeepred_ser_edge_1px_mean","FALSE","8216","263","0.121","0.0184","0.413","mito","TRUE"
"510","unstressed_cell_mitotrackerdeepred_ser_edge_1px_stdev","FALSE","8216","472","0.0311","0.00053","0.29","mito","TRUE"
"511","unstressed_cell_mitotrackerdeepred_ser_ridge_1px_mean","FALSE","8216","263","0.0278","0.00715","0.077","mito","TRUE"
"512","unstressed_cell_mitotrackerdeepred_ser_ridge_1px_stdev","FALSE","8216","472","0.00655","0.0000119","0.0461","mito","TRUE"
"513","unstressed_cell_mitotrackerdeepred_ser_valley_1px_mean","FALSE","8216","263","0.0286","0.00462","0.176","mito","TRUE"
"514","unstressed_cell_mitotrackerdeepred_ser_valley_1px_stdev","FALSE","8216","472","0.00919","0.0000328","0.144","mito","TRUE"
"515","unstressed_cell_mitotrackerdeepred_ser_saddle_1px_mean","FALSE","8216","263","0.0316","0.0082","0.154","mito","TRUE"
"516","unstressed_cell_mitotrackerdeepred_ser_saddle_1px_stdev","FALSE","8216","472","0.00845","0.0000141","0.0777","mito","TRUE"
"517","unstressed_cell_mitotrackerdeepred_ser_bright_1px_mean","FALSE","8216","263","0.0384","0.0112","0.0947","mito","TRUE"
"518","unstressed_cell_mitotrackerdeepred_ser_bright_1px_stdev","FALSE","8216","472","0.00881","0.0000235","0.0509","mito","TRUE"
"519","unstressed_cell_mitotrackerdeepred_ser_dark_1px_mean","FALSE","8216","263","0.0332","0.00662","0.167","mito","TRUE"
"520","unstressed_cell_mitotrackerdeepred_ser_dark_1px_stdev","FALSE","8216","472","0.0101","0.000314","0.13","mito","TRUE"
"521","unstressed_regression_a_b_mean","FALSE","8216","263","-1.62","-8.57","-0.0114",NA,"TRUE"
"522","unstressed_regression_a_b_stdev","FALSE","8216","472","0.988","0.00197","7.11",NA,"TRUE"
"523","unstressed_intensity_nucleus_alexa488_mean_2_mean","FALSE","8216","263","672","237","6160",NA,"FALSE"
"524","unstressed_intensity_nucleus_alexa488_mean_2_stdev","FALSE","8216","472","291","0.976","7170",NA,"FALSE"
"525","unstressed_intensity_nucleus_alexa488_stdev_mean","FALSE","8216","263","204","22.3","2640","h2ax","TRUE"
"526","unstressed_intensity_nucleus_alexa488_stdev_std_dev","FALSE","8216","472","163","0.228","3240","h2ax","TRUE"
"527","unstressed_intensity_nucleus_alexa488_median_mean","FALSE","8216","263","647","237","5860","h2ax","TRUE"
"528","unstressed_intensity_nucleus_alexa488_median_stdev","FALSE","8216","472","281","0.707","7990","h2ax","TRUE"
"529","unstressed_intensity_nucleus_alexa488_quantile_75_percent_mean","FALSE","8216","263","785","253","7220","h2ax","TRUE"
"530","unstressed_intensity_nucleus_alexa488_quantile_75_percent_stdev","FALSE","8216","472","376","0.707","9850","h2ax","TRUE"
"531","unstressed_intensity_cell_mitotrackerdeepred_mean_2_mean","FALSE","8216","263","3020","663","7310",NA,"FALSE"
"532","unstressed_intensity_cell_mitotrackerdeepred_mean_2_stdev","FALSE","8216","472","863","0.468","3550",NA,"FALSE"
"533","unstressed_intensity_cell_mitotrackerdeepred_stdev_mean","FALSE","8216","263","1160","44.8","3610","mito","TRUE"
"534","unstressed_intensity_cell_mitotrackerdeepred_stdev_std_dev","FALSE","8216","472","464","2.44","1910","mito","TRUE"
"535","unstressed_intensity_cell_mitotrackerdeepred_median_mean","FALSE","8216","263","2800","653","6740","mito","TRUE"
"536","unstressed_intensity_cell_mitotrackerdeepred_median_stdev","FALSE","8216","472","800","2.12","3310","mito","TRUE"
"537","unstressed_intensity_cell_mitotrackerdeepred_quantile_75_percent_mean","FALSE","8216","263","3730","690","8600","mito","TRUE"
"538","unstressed_intensity_cell_mitotrackerdeepred_quantile_75_percent_stdev","FALSE","8216","472","1140","0.707","4140","mito","TRUE"
"539","unstressed_intensity_cell_hoechst_mean_mean","FALSE","8216","263","1200","302","17200","hoescht","TRUE"
"540","unstressed_intensity_cell_hoechst_mean_stdev","FALSE","8216","472","737","3.64","16600","hoescht","TRUE"
"541","unstressed_intensity_cell_hoechst_stdev_mean","FALSE","8216","263","1310","87.4","22100","hoescht","TRUE"
"542","unstressed_intensity_cell_hoechst_stdev_std_dev","FALSE","8216","472","1020","2.67","14200","hoescht","TRUE"
"543","unstressed_intensity_cell_hoechst_median_mean","FALSE","8216","263","618","258","8990","hoescht","TRUE"
"544","unstressed_intensity_cell_hoechst_median_stdev","FALSE","8216","472","318","0.707","19300","hoescht","TRUE"
"545","unstressed_intensity_cell_hoechst_quantile_75_percent_mean","FALSE","8216","263","1290","295","27400","hoescht","TRUE"
"546","unstressed_intensity_cell_hoechst_quantile_75_percent_stdev","FALSE","8216","472","923","2.83","25000","hoescht","TRUE"
"547","unstressed_total_spot_area_mean","FALSE","8216","263","21","0","348","h2ax","TRUE"
"548","unstressed_total_spot_area_stdev","FALSE","8216","472","43.4","0","259","h2ax","TRUE"
"549","unstressed_relative_spot_intensity_mean","FALSE","8216","263","0.0417","0","0.599","h2ax","TRUE"
"550","unstressed_relative_spot_intensity_stdev","FALSE","8216","472","0.0737","0","0.4","h2ax","TRUE"
"551","unstressed_numberofspots_mean","FALSE","8216","263","1.98","0","32","h2ax","TRUE"
"552","unstressed_numberofspots_stdev","FALSE","8216","472","3.49","0","36.9","h2ax","TRUE"
"553","unstressed_numberofspots_per_area_of_nucleus_mean","FALSE","8216","263","0.0041","0","0.0339","h2ax","TRUE"
"554","unstressed_numberofspots_per_area_of_nucleus_stdev","FALSE","8216","472","0.0056","0","0.0182","h2ax","TRUE"
"555","unstressed_regression_a_b_2_mean","FALSE","8216","263","2.8","-19.8","4.9","comb","TRUE"
"556","unstressed_regression_a_b_2_stdev","FALSE","8216","472","1.85","0.00128","20.5","comb","TRUE"
"557","unstressed_h2axpositive_mean","FALSE","8216","263","0.0827","0","1","comb","TRUE"
"558","unstressed_h2axpositive_stdev","FALSE","8216","472","0.283","0","0.707","comb","TRUE"
"559","unstressed_h2axnegative_mean","FALSE","8216","263","0.917","0","1","comb","TRUE"
"560","unstressed_h2axnegative_stdev","FALSE","8216","472","0.283","0","0.707","comb","TRUE"
"561","unstressed_regression_a_b_3_mean","FALSE","8216","263","0.523","0.0062","1.02","comb","TRUE"
"562","unstressed_regression_a_b_3_stdev","FALSE","8216","472","0.194","0.003","0.609","comb","TRUE"
"563","unstressed_cell_area_mm2_mean","FALSE","8216","263","778","33","3340",NA,"TRUE"
"564","unstressed_cell_area_mm2_stdev","FALSE","8216","472","355","1","2070",NA,"TRUE"
"565","unstressed_cell_roundness_mean","FALSE","8216","263","0.613","0.25","1.04","mito","TRUE"
"566","unstressed_cell_roundness_stdev","FALSE","8216","472","0.129","0.000337","0.457","mito","TRUE"
"567","unstressed_cell_width_mm_mean","FALSE","8216","263","18.9","4.76","42.9","mito","TRUE"
"568","unstressed_cell_width_mm_stdev","FALSE","8216","472","5.42","0","28.7","mito","TRUE"
"569","unstressed_cell_length_mm_mean","FALSE","8216","263","50.7","7.56","235","mito","TRUE"
"570","unstressed_cell_length_mm_stdev","FALSE","8216","472","18.2","0.108","88.6","mito","TRUE"
"571","micronuclei_numberofobjects","TRUE","8216","55","3","0","300","hoescht","TRUE"
"572","micronuclei_fraction_of_nucleus_intensity_mean","FALSE","8216","2911","0.574","0.0309","13.5","hoescht","TRUE"
"573","micronuclei_fraction_of_nucleus_intensity_stdev","FALSE","8216","3621","0.23","0.000244","7.63","hoescht","TRUE"
"574","micronuclei_relative_intensity_to_border_mean","FALSE","8216","2911","0.155","0.00201","0.397","hoescht","TRUE"
"575","micronuclei_relative_intensity_to_border_stdev","FALSE","8216","3621","0.0552","0.00000772","0.224","hoescht","TRUE"
"576","micronuclei_distance_from_nucleus_px_mean","FALSE","8216","2911","11.4","1","116","hoescht","TRUE"
"577","micronuclei_distance_from_nucleus_px_stdev","FALSE","8216","3621","8.98","0","99.8","hoescht","TRUE"
"578","micronuclei_gap_to_nucleus_px_mean","FALSE","8216","2911","7","0","112","hoescht","TRUE"
"579","micronuclei_gap_to_nucleus_px_stdev","FALSE","8216","3621","8.49","0","100","hoescht","TRUE"
"580","micronuclei_area_of_micronucleus_px2_mean","FALSE","8216","2911","39.5","8","273",NA,"TRUE"
"581","micronuclei_area_of_micronucleus_px2_stdev","FALSE","8216","3621","25.1","0","158",NA,"TRUE"
"582","micronuclei_fraction_of_nucleus_area_mean","FALSE","8216","2911","0.0793","0.00222","0.332","hoescht","TRUE"
"583","micronuclei_fraction_of_nucleus_area_stdev","FALSE","8216","3621","0.0517","0.000164","0.213","hoescht","TRUE"
"584","micronuclei_compactness_mean","FALSE","8216","2911","0.8","0.311","1","hoescht","TRUE"
"585","micronuclei_compactness_stdev","FALSE","8216","3621","0.145","0","0.406","hoescht","TRUE"
"586","micronuclei_micronucleus_to_cytoplasm_intensity_mean","FALSE","8216","2937","0.422","0.2","6.26","hoescht","TRUE"
"587","micronuclei_micronucleus_to_cytoplasm_intensity_stdev","FALSE","8216","3636","0.245","0.000662","9.99","hoescht","TRUE"
"588","h2axpositive_infocus","FALSE","8216","136","0.105","0","1","h2ax","TRUE"
"589","mito_stress_infocus","FALSE","8216","136","0.11","0","1","mito","TRUE"
"590","micronucleatedcells","FALSE","8216","136","0.0192","0","0.667","hoescht","TRUE"
"591","multinucleatedcells","FALSE","8216","81","1.27","NA","NA","hoescht","TRUE"
