CLIMB_ID,Tail_Tip_ID,Type,Status,Source,Sex,DIET_ppm,ExpansionGroup,Sample_1,Sample_2,Sample_3,,,
7333,X-88-20,Tail Tip,Assay Ready (LNZ),A-100045-20,M,1,9,5427,,,,,
7334,X-89-20,Tail Tip,Assay Ready (LNZ),A-100046-20,M,1,9,8368,,,,,
7335,X-90-20,Tail Tip,Assay Ready (LNZ),A-100047-20,M,1,9,5426,,,,,
7336,X-91-20,Tail Tip,Assay Ready (LNZ),A-100048-20,M,1,9,8371,,,,,
7337,X-92-20,Tail Tip,Assay Ready (LNZ),A-100049-20,M,1,9,8360,,,,,
7338,x-93-20,tail Tip,assay Ready (LNZ),A-100050-20,M,1,9,5432,,,,,
7341,X-96-20,Tail Tip,Assay Ready (LNZ),A-100053-20,M,10,9,3592,,,,,
7342,X-97-20,Tail Tip,Assay Ready (LNZ),A-100054-20,M,10,9,3596,3600,,,,
7343,X-98-20,Tail Tip,Assay Ready (LNZ),A-100055-20,M,10,9,3582,3583,,,,
7344,X-99-20,Tail Tip,Assay Ready (LNZ),A-100056-20,M,10,9,3611,3612,,,,
7345,X-100-20,Tail Tip,Assay Ready (LNZ),A-100057-20,M,10,9,3587,3588,,,,
7346,X-101-20,Tail Tip,Assay Ready (LNZ),A-100058-20,M,10,9,3621,3622,,,,
7347,X-102-20,Tail Tip,Assay Ready (LNZ),A-100059-20,M,10,9,3608,,,,,
7348,X-103-20,Tail Tip,Assay Ready (LNZ),A-100060-20,M,10,9,3604,,,,,
7301,X-56-20,Tail Tip,Assay Ready (LNZ),A-100013-20,F,1,9,8232,,,,,
7303,X-58-20,Tail Tip,Assay Ready (LNZ),A-100015-20,F,1,9,8237,,,,,
7304,X-59-20,Tail Tip,Assay Ready (LNZ),A-100016-20,F,1,9,8227,,,,,
7305,X-60-20,Tail Tip,Assay Ready (LNZ),A-100017-20,F,10,9,3646,3647,3649,,,
7306,X-61-20,Ear Notch,Assay Ready (LNZ),A-100018-20,F,10,9,3628,,,,,
7307,X-62-20,Tail Tip,Assay Ready (LNZ),A-100019-20,F,10,9,3641,3642,,,,
7308,X-63-20,Tail Tip,Assay Ready (LNZ),A-100020-20,F,10,9,3616,3617,3618,,,
5575,X-5646-19,Tail Tip,Assay Ready (LNZ),A-10678-19,M,1,8,10_20,11_20,,,,
5576,X-5647-19,Tail Tip,Assay Ready (LNZ),A-10679-19,M,1,8,3490,,,,,
5577,X-5648-19,Tail Tip,Assay Ready (LNZ),A-10680-19,M,10,8,3496,,,,,
5578,X-5649-19,Tail Tip,Assay Ready (LNZ),A-10681-19,M,10,8,6630,,,,,
5579,X-5650-19,Tail Tip,Assay Ready (LNZ),A-10682-19,M,10,8,39_20,,,,,
5580,X-5651-19,Tail Tip,Assay Ready (LNZ),A-10683-19,M,10,8,15_20,,,,,
5581,X-5652-19,Tail Tip,Assay Ready (LNZ),A-10684-19,M,10,8,3508,,,,,
5582,X-5653-19,Tail Tip,Assay Ready (LNZ),A-10685-19,M,10,8,104_20,,,,,
5583,X-5654-19,Tail Tip,Assay Ready (LNZ),A-10686-19,M,10,8,9_20,,,,,
5584,X-5655-19,Tail Tip,Assay Ready (LNZ),A-10687-19,M,10,8,20_20,,,,,
5569,X-5640-19,Tail Tip,Assay Ready (LNZ),A-10672-19,M,1,8,35_20,,,,,
5570,X-5641-19,Tail Tip,Assay Ready (LNZ),A-10673-19,M,1,8,25_20,26_20,,,,
5571,X-5642-19,Tail Tip,Assay Ready (LNZ),A-10674-19,M,1,8,3484,3485,,,,
5572,X-5643-19,Tail Tip,Assay Ready (LNZ),A-10675-19,M,1,8,8203,,,8212,8218,8221
5573,X-5644-19,Tail Tip,Assay Ready (LNZ),A-10676-19,M,1,8,30_20,,,,,
5574,X-5645-19,Tail Tip,Assay Ready (LNZ),A-10677-19,M,1,8,3502,,,,,
5543,X-5614-19,Tail Tip,Assay Ready (LNZ),A-10646-19,F,10,8,5630,,,,,
5544,X-5615-19,Tail Tip,Assay Ready (LNZ),A-10647-19,F,10,8,771_20,,,,,
5553,X-5624-19,Tail Tip,Assay Ready (LNZ),A-10656-19,M,0.01,8,8212,8218,8221,,,
5554,X-5625-19,Tail Tip,Assay Ready (LNZ),A-10657-19,M,0.01,8,8206,,,,,
5556,X-5627-19,Tail Tip,Assay Ready (LNZ),A-10659-19,M,0.01,8,8224,,,,,
5557,X-5628-19,Tail Tip,Assay Ready (LNZ),A-10660-19,M,0.01,8,1868,,,,,
5558,X-5629-19,Tail Tip,Assay Ready (LNZ),A-10661-19,M,0.01,8,675_20,,,,,
5559,X-5630-19,Tail Tip,Assay Ready (LNZ),A-10662-19,M,0.01,8,8212,8218,8221,,,
5560,X-5631-19,Tail Tip,Assay Ready (LNZ),A-10663-19,M,0.01,8,8212,8218,8221,,,
5529,X-5600-19,Tail Tip,Assay Ready (LNZ),A-10632-19,F,1,8,1882,,,,,
5530,X-5601-19,Tail Tip,Assay Ready (LNZ),A-10633-19,F,1,8,1894,,,,,
5531,X-5602-19,Tail Tip,Assay Ready (LNZ),A-10634-19,F,1,8,1910,,,,,
5532,X-5603-19,Tail Tip,Assay Ready (LNZ),A-10635-19,F,1,8,5619,,,,,
5533,X-5604-19,Tail Tip,Assay Ready (LNZ),A-10636-19,F,1,8,5621,,,,,
5534,X-5605-19,Tail Tip,Assay Ready (LNZ),A-10637-19,F,1,8,685_20,,,,,
5535,X-5606-19,Tail Tip,Assay Ready (LNZ),A-10638-19,F,1,8,8209,,,,,
5536,X-5607-19,Tail Tip,Assay Ready (LNZ),A-10639-19,F,1,8,5627,,,,,
5537,X-5608-19,Tail Tip,Assay Ready (LNZ),A-10640-19,F,10,8,5615,5616,,,,
5538,X-5609-19,Tail Tip,Assay Ready (LNZ),A-10641-19,F,10,8,8212,8218,8221,,,
5539,X-5610-19,Tail Tip,Assay Ready (LNZ),A-10642-19,F,10,8,8200,,,,,
5540,X-5611-19,Tail Tip,Assay Ready (LNZ),A-10643-19,F,10,8,680_20,,,,,
5541,X-5612-19,Tail Tip,Assay Ready (LNZ),A-10644-19,F,10,8,5612,5613,,,,
5542,X-5613-19,Tail Tip,Assay Ready (LNZ),A-10645-19,F,10,8,5624,,,,,
5513,X-5584-19,Tail Tip,Assay Ready (LNZ),A-10616-19,F,0.01,8,1909,,,,,
5514,X-5585-19,Tail Tip,Assay Ready (LNZ),A-10617-19,F,0.01,8,1862,,,,,
5515,X-5586-19,Tail Tip,Assay Ready (LNZ),A-10618-19,F,0.01,8,1856,1857,,,,
5516,X-5587-19,Tail Tip,Assay Ready (LNZ),A-10619-19,F,0.01,8,1919,,,,,
5517,X-5588-19,Tail Tip,Assay Ready (LNZ),A-10620-19,F,0.01,8,1874,,,,,
5518,X-5589-19,Tail Tip,Assay Ready (LNZ),A-10621-19,F,0.01,8,1878,,,,,
5519,X-5590-19,Tail Tip,Assay Ready (LNZ),A-10622-19,F,0.01,8,1888,,,,,
5520,X-5591-19,Tail Tip,Assay Ready (LNZ),A-10623-19,F,0.01,8,1900,,,,,
4974,X-5045-19,Tail Tip,Assay Ready (LNZ),A-10603-19,M,10,7,1850,1851,,,,
4975,X-5046-19,Tail Tip,Assay Ready (LNZ),A-10604-19,M,10,7,2286,2287,,,,
4976,X-5047-19,Tail Tip,Assay Ready (LNZ),A-10605-19,M,10,7,2233,2234,,,,
4977,X-5048-19,Tail Tip,Assay Ready (LNZ),A-10606-19,M,10,7,2282,2284,2285,,,
4978,X-5049-19,Tail Tip,Assay Ready (LNZ),A-10607-19,M,10,7,3571,,,,,
4967,X-5038-19,Tail Tip,Assay Ready (LNZ),A-10596-19,M,1,7,1840,1841,1842,,,
4968,X-5039-19,Tail Tip,Assay Ready (LNZ),A-10597-19,M,1,7,3579,3576,,,,
4969,X-5040-19,Tail Tip,Assay Ready (LNZ),A-10598-19,M,1,7,2268,2272,,,,
4970,X-5041-19,Tail Tip,Assay Ready (LNZ),A-10599-19,M,1,7,,,,,,
4971,X-5042-19,Tail Tip,Assay Ready (LNZ),A-10600-19,M,10,7,2213,,,,,
4972,X-5043-19,Tail Tip,Assay Ready (LNZ),A-10601-19,M,10,7,2238,,,,,
4973,X-5044-19,Tail Tip,Assay Ready (LNZ),A-10602-19,M,10,7,2411,,,,,
4963,X-5034-19,Tail Tip,Assay Ready (LNZ),A-10592-19,M,1,7,2407,2410,,,,
4964,X-5035-19,Tail Tip,Assay Ready (LNZ),A-10593-19,M,1,7,1834,1835,,,,
4965,X-5036-19,Tail Tip,Assay Ready (LNZ),A-10594-19,M,1,7,1846,1847,,,,
4966,X-5037-19,Tail Tip,Assay Ready (LNZ),A-10595-19,M,1,7,3566,,,,,
4941,X-5012-19,Tail Tip,Assay Ready (LNZ),A-10570-19,M,0,7,2133,,,,,
4942,X-5013-19,Tail Tip,Assay Ready (LNZ),A-10571-19,M,0,7,2257,,,,,
4943,X-5014-19,Tail Tip,Assay Ready (LNZ),A-10572-19,M,0,7,2123,,,,,
4946,X-5017-19,Tail Tip,Assay Ready (LNZ),A-10575-19,M,0,7,2278,,,,,
4923,X-4994-19,Tail Tip,Assay Ready (LNZ),A-10552-19,F,1,7,2098,2099,,,,
4924,X-4995-19,Tail Tip,Assay Ready (LNZ),A-10553-19,F,1,7,2088,,,,,
4925,X-4996-19,Tail Tip,Assay Ready (LNZ),A-10554-19,F,1,7,2248,2249,,,,
4926,X-4997-19,Tail Tip,Assay Ready (LNZ),A-10555-19,F,1,7,2228,2229,2230,,,
4927,X-4998-19,Tail Tip,Assay Ready (LNZ),A-10556-19,F,1,7,2128,2129,2132,,,
4928,X-4999-19,Tail Tip,Assay Ready (LNZ),A-10557-19,F,1,7,2118,,,,,
4929,X-5000-19,Tail Tip,Assay Ready (LNZ),A-10558-19,F,1,7,2140,,,,,
4930,X-5001-19,Tail Tip,Assay Ready (LNZ),A-10559-19,F,1,7,2093,2097,,,,
4931,X-5002-19,Tail Tip,Assay Ready (LNZ),A-10560-19,F,10,7,2103,,,,,
4932,X-5003-19,Tail Tip,Assay Ready (LNZ),A-10561-19,F,10,7,2113,,,,,
4933,X-5004-19,Tail Tip,Assay Ready (LNZ),A-10562-19,F,10,7,2273,,,,,
4934,X-5005-19,Tail Tip,Assay Ready (LNZ),A-10563-19,F,10,7,2108,2109,,,,
4935,X-5006-19,Tail Tip,Assay Ready (LNZ),A-10564-19,F,10,7,2243,2247,,,,
4936,X-5007-19,Tail Tip,Assay Ready (LNZ),A-10565-19,F,10,7,2222,,,,,
4937,X-5008-19,Tail Tip,Assay Ready (LNZ),A-10566-19,F,10,7,2143,2144,,,,
4938,X-5009-19,Tail Tip,Assay Ready (LNZ),A-10567-19,F,10,7,2223,2224,,,,
4906,X-4977-19,Tail Tip,Assay Ready (LNZ),A-10535-19,F,0,7,2263,,,,,
4238,X-4309-19,Tail Tip,Assay Ready (LNZ),A-10512-19,M,1,6,2331,,,,,
4239,X-4310-19,Tail Tip,Assay Ready (LNZ),A-10513-19,M,1,6,2316,,,,,
4240,X-4311-19,Tail Tip,Assay Ready (LNZ),A-10514-19,M,1,6,2396,2397,,,,
4241,X-4312-19,Tail Tip,Assay Ready (LNZ),A-10515-19,M,1,6,2401,,,,,
4242,X-4313-19,Tail Tip,Assay Ready (LNZ),A-10516-19,M,1,6,2376,,,,,
4243,X-4314-19,Tail Tip,Assay Ready (LNZ),A-10517-19,M ,1,6,2371,,,,,
4244,X-4315-19,Tail Tip,Assay Ready (LNZ),A-10518-19,M,1,6,2321,,,,,
4245,X-4316-19,Tail Tip,Assay Ready (LNZ),A-10519-19,M ,1,6,2351,,,,,
4246,X-4317-19,Tail Tip,Assay Ready (LNZ),A-10520-19,M,10,6,2342,,,,,
4247,X-4318-19,Tail Tip,Assay Ready (LNZ),A-10521-19,M,10,6,8252,,,,,
4248,X-4319-19,Tail Tip,Assay Ready (LNZ),A-10522-19,M ,10,6,2366,2367,,,,
4249,X-4320-19,Tail Tip,Assay Ready (LNZ),A-10523-19,M ,10,6,2301,,,,,
4250,X-4321-19,Tail Tip,Assay Ready (LNZ),A-10524-19,M ,10,6,2356,,,,,
4251,X-4322-19,Tail Tip,Assay Ready (LNZ),A-10525-19,M ,10,6,2336,,,,,
4252,X-4323-19,Tail Tip,Assay Ready (LNZ),A-10526-19,M,10,6,2296,,,,,
4253,X-4324-19,Tail Tip,Assay Ready (LNZ),A-10527-19,M,10,6,3631,,,,,
4208,X-4279-19,Tail Tip,Assay Ready (LNZ),A-10482-19,F,10,6,2306,,,,,
4209,X-4280-19,Tail Tip,Assay Ready (LNZ),A-10483-19,F,10,6,8257,,,,,
4210,X-4281-19,Tail Tip,Assay Ready (LNZ),A-10484-19,F,10,6,5651,,,,,
4211,X-4282-19,Tail Tip,Assay Ready (LNZ),A-10485-19,F,10,6,5643,,,,,
4212,X-4283-19,Tail Tip,Assay Ready (LNZ),A-10486-19,F,10,6,5633,,,,,
4213,X-4284-19,Tail Tip,Assay Ready (LNZ),A-10487-19,F,10,6,3636,,,,,
4205,X-4276-19,Tail Tip,Assay Ready (LNZ),A-10479-19,F,1,6,2326,2327,,,,
4206,X-4277-19,Tail Tip,Assay Ready (LNZ),A-10480-19,F,10,6,2311,2312,,,,
4207,X-4278-19,Tail Tip,Assay Ready (LNZ),A-10481-19,F,10,6,2346,,,,,
4198,X-4269-19,Tail Tip,Assay Ready (LNZ),A-10472-19,F,1,6,2381,,,,,
4200,X-4271-19,Tail Tip,Assay Ready (LNZ),A-10474-19,F,1,6,2391,,,,,
4201,X-4272-19,Tail Tip,Assay Ready (LNZ),A-10475-19,F,1,6,2386,2387,,,,
4202,X-4273-19,Tail Tip,Assay Ready (LNZ),A-10476-19,F,1,6,8242,,,,,
4203,X-4274-19,Tail Tip,Assay Ready (LNZ),A-10477-19,F,1,6,5677,,,,,
4204,X-4275-19,Tail Tip,Assay Ready (LNZ),A-10478-19,F,1,6,2291,2292,,,,
2907,X-2978-19,Tail Tip,Assay Ready (LNZ),A-10434-19,M,10,5,5607,,,,,
2909,X-2980-19,Tail Tip,Assay Ready (LNZ),A-10436-19,M ,10,5,8458,,,,,
2912,X-2983-19,Tail Tip,Assay Ready (LNZ),A-10439-19,M,10,5,8465,,,,,
2895,X-2966-19,Tail Tip,Assay Ready (LNZ),A-10422-19,M,1,5,5602,,,,,
2896,X-2967-19,Tail Tip,Assay Ready (LNZ),A-10423-19,M ,1,5,8450,,,,,
2898,X-2969-19,Tail Tip,Assay Ready (LNZ),A-10425-19,M ,1,5,8454,,,,,
2899,X-2970-19,Tail Tip,Assay Ready (LNZ),A-10426-19,M ,1,5,8462,,,,,
2901,X-2972-19,Tail Tip,Assay Ready (LNZ),A-10428-19,M,1,5,8434,,,,,
2104,X-2175-19,Tail Tip,Assay Ready (LNZ),A-10348-19,M ,1,4,5293,,,,,
2105,X-2176-19,Tail Tip,Assay Ready (LNZ),A-10349-19,M ,1,4,5308,,,,,
2106,X-2177-19,Tail Tip,Assay Ready (LNZ),A-10350-19,M,1,4,8374,,,,,
2107,X-2178-19,Tail Tip,Assay Ready (LNZ),A-10351-19,M ,1,4,,,,,,
2108,X-2179-19,Tail Tip,Assay Ready (LNZ),A-10352-19,F,10,4,5288,5289,,,,
2109,x-2180-19,Tail Tip ,assay Ready (LNZ),A-10353-19,F,10,4,5428,,,,,
2110,X-2181-19,Tail Tip,Assay Ready (LNZ),A-10354-19,F,10,4,5307,,,,,
2111,X-2182-19,Tail Tip,Assay Ready (LNZ),A-10355-19,F,10,4,,,,,,
2113,X-2184-19,Tail Tip,Assay Ready (LNZ),A-10357-19,F,10,4,5278,,,,,
2114,X-2185-19,Tail Tip,Assay Ready (LNZ),A-10358-19,F,10,4,8356,,,,,
2116,X-2187-19,Tail Tip,Assay Ready (LNZ),A-10360-19,M,10,4,8348,,,,,
2117,X-2188-19,Tail Tip,Assay Ready (LNZ),A-10361-19,M ,10,4,5313,,,,,
2118,X-2189-19,Tail Tip,Assay Ready (LNZ),A-10362-19,M,10,4,8247,,,,,
2119,X-2190-19,Tail Tip,Assay Ready (LNZ),A-10363-19,M ,10,4,5273,5274,,,,
2120,X-2191-19,Tail Tip,Assay Ready (LNZ),A-10364-19,M ,10,4,5268,,,,,
2121,x-2192-19,Tail Tip,assay Ready (LNZ),A-10365-19,M,10,4,5431,,,,,
2122,X-2193-19,Tail Tip,Assay Ready (LNZ),A-10366-19,M,10,4,5263,,,,,
2123,X-2194-19,Tail Tip,Assay Ready (LNZ),A-10367-19,M,10,4,8364,,,,,
2072,X-2143-19,Tail Tip,Assay Ready (LNZ),A-10316-19,M,0.01,4,5572,,,,,
2093,X-2164-19,Tail Tip,Assay Ready (LNZ),A-10337-19,F,1,4,5657,,,,,
2095,X-2166-19,Tail Tip,Assay Ready (LNZ),A-10339-19,F,1,4,5648,5649,,,,
2096,X-2167-19,Tail Tip,Assay Ready (LNZ),A-10340-19,F,1,4,5669,,,,,
2097,X-2168-19,Tail Tip,Assay Ready (LNZ),A-10341-19,F,1,4,5666,,,,,
2099,X-2170-19,Tail Tip,Assay Ready (LNZ),A-10343-19,F,1,4,5674,,,,,
2056,X-2127-19,Tail Tip,Assay Ready (LNZ),A-10300-19,M,0,4,5577,5578,,,,
2064,X-2135-19,Tail Tip,Assay Ready (LNZ),A-10308-19,F,0.01,4,5587,,,,,
2044,X-2115-19,Tail Tip,Assay Ready (LNZ),A-10288-19,F,0,4,5582,,,,,
1076,X-1153-19,Tail Tip,Assay Ready (LNZ),A-10263-19,F,10,3,8383,,,,,
1077,X-1154-19,Tail Tip,Assay Ready (LNZ),A-10264-19,F,10,3,8387,,,,,
1063,X-1140-19,Tail Tip,Assay Ready (LNZ),A-10250-19,F,1,3,8375,,,,,
1064,X-1141-19,Tail Tip,Assay Ready (LNZ),A-10251-19,F,1,3,8379,,,,,
1066,X-1143-19,Tail Tip,Assay Ready (LNZ),A-10253-19,F,1,3,8446,,,,,
1068,X-1145-19,Tail Tip,Assay Ready (LNZ),A-10255-19,F,1,3,8438,,,,,
1069,X-1146-19,Tail Tip,Assay Ready (LNZ),A-10256-19,F,1,3,8442,,,,,
1070,X-1147-19,Tail Tip,Assay Ready (LNZ),A-10257-19,F,10,3,8426,,,,,
1072,X-1149-19,Tail Tip,Assay Ready (LNZ),A-10259-19,F,10,3,8422,,,,,
1073,X-1150-19,Tail Tip,Assay Ready (LNZ),A-10260-19,F,10,3,8430,,,,,
1075,X-1152-19,Tail Tip,Assay Ready (LNZ),A-10262-19,F,10,3,5597,,,,,
1061,X-1138-19,Tail Tip,Assay Ready (LNZ),A-10248-19,F,1,3,5592,,,,,
927,X-1004-19,Tail Tip,Assay Ready (LNZ),A-10193-19,M ,1,2,5321,5322,,,,
928,X-1005-19,Tail Tip,Assay Ready (LNZ),A-10194-19,M,1,2,5430,,,,,
929,X-1006-19,Tail Tip,Assay Ready (LNZ),A-10195-19,M ,1,2,5376,,,,,
930,X-1007-19,Tail Tip,Assay Ready (LNZ),A-10196-19,M ,1,2,5356,,,,,
931,X-1008-19,Tail Tip,Assay Ready (LNZ),A-10197-19,M ,1,2,5316,,,,,
932,X-1009-19,Tail Tip,Assay Ready (LNZ),A-10198-19,M ,1,2,5371,,,,,
933,X-1010-19,Tail Tip,Assay Ready (LNZ),A-10199-19,M ,1,2,5361,,,,,
934,X-1011-19,Tail Tip,Assay Ready (LNZ),A-10200-19,M ,1,2,5331,,,,,
935,X-1012-19,Tail Tip,Assay Ready (LNZ),A-10201-19,M ,10,2,5366,5369,,,,
936,X-1013-19,Tail Tip,Assay Ready (LNZ),A-10202-19,M,10,2,5429,,,,,
937,X-1014-19,Tail Tip,Assay Ready (LNZ),A-10203-19,M ,10,2,5345,,,,,
938,X-1015-19,Tail Tip,Assay Ready (LNZ),A-10204-19,M ,10,2,5351,,,,,
939,X-1016-19,Tail Tip,Assay Ready (LNZ),A-10205-19,M ,10,2,5326,,,,,
940,X-1017-19,Tail Tip,Assay Ready (LNZ),A-10206-19,M ,10,2,5346,,,,,
941,X-1018-19,Tail Tip,Assay Ready (LNZ),A-10207-19,M ,10,2,5336,5337,,,,
942,X-1019-19,Tail Tip,Assay Ready (LNZ),A-10208-19,M ,10,2,5381,,,,,
899,X-976-19,Tail Tip,Assay Ready (LNZ),A-10165-19,F,10,2,5638,,,,,
900,X-977-19,Tail Tip,Assay Ready (LNZ),A-10166-19,F,10,2,5425,,,,,
901,X-978-19,Tail Tip,Assay Ready (LNZ),A-10167-19,F,10,2,5663,,,,,
887,X-964-19,Tail Tip,Assay Ready (LNZ),A-10153-19,F,1,2,8352,,,,,
888,X-965-19,Tail Tip,Assay Ready (LNZ),A-10154-19,F,1,2,5660,,,,,
889,X-966-19,Tail Tip,Assay Ready (LNZ),A-10155-19,F,1,2,5654,5655,,,,
890,x-967-19,Tail Tip ,assay Ready (LNZ),A-10156-19,F,1,2,5433,,,,,
199,X-202-19,Tail Tip,Assay Ready (LNZ),A-10108-19,M,1,1,,,,,,
200,X-203-19,Tail Tip,Assay Ready (LNZ),A-10109-19,M,1,1,3814,,,,,
201,X-204-19,Tail Tip,Assay Ready (LNZ),A-10110-19,M,1,1,3817,,,,,
202,X-205-19,Tail Tip,Assay Ready (LNZ),A-10111-19,M,1,1,,,,,,
203,X-206-19,Tail Tip,Assay Ready (LNZ),A-10112-19,M,1,1,3829,,,,,
204,X-207-19,Tail Tip,Assay Ready (LNZ),A-10121-19,M ,10,1,3840,,,,,
205,X-208-19,Tail Tip,Assay Ready (LNZ),A-10122-19,M ,10,1,3841,,,,,
206,X-209-19,Tail Tip,Assay Ready (LNZ),A-10123-19,M,10,1,3852,,,,,
207,X-210-19,Tail Tip,Assay Ready (LNZ),A-10124-19,M ,10,1,,,,,,
208,X-211-19,Tail Tip,Assay Ready (LNZ),A-10125-19,M ,10,1,,,,,,
209,X-212-19,Tail Tip,Assay Ready (LNZ),A-10126-19,M ,10,1,,,,,,
210,X-213-19,Tail Tip,Assay Ready (LNZ),A-10127-19,M ,10,1,3871,,,,,
211,X-214-19,Tail Tip,Assay Ready (LNZ),A-10128-19,M ,10,1,3877,,,,,
187,X-190-19,Tail Tip,Assay Ready (LNZ),A-10080-19,M,0.01,1,,,,,,
188,X-191-19,Tail Tip,Assay Ready (LNZ),A-10089-19,M ,0.1,1,,,,,,
189,X-192-19,Tail Tip,Assay Ready (LNZ),A-10090-19,M ,0.1,1,,,,,,
190,X-193-19,Tail Tip,Assay Ready (LNZ),A-10091-19,M,0.1,1,,,,,,
191,X-194-19,Tail Tip,Assay Ready (LNZ),A-10092-19,M ,0.1,1,,,,,,
192,X-195-19,Tail Tip,Assay Ready (LNZ),A-10093-19,M ,0.1,1,,,,,,
193,X-196-19,Tail Tip,Assay Ready (LNZ),A-10094-19,M,0.1,1,,,,,,
194,X-197-19,Tail Tip,Assay Ready (LNZ),A-10095-19,M,0.1,1,,,,,,
195,X-198-19,Tail Tip,Assay Ready (LNZ),A-10096-19,M,0.1,1,,,,,,
196,X-199-19,Tail Tip,Assay Ready (LNZ),A-10105-19,M,1,1,,,,,,
197,X-200-19,Tail Tip,Assay Ready (LNZ),A-10106-19,M,1,1,,,,,,
198,X-201-19,Tail Tip,Assay Ready (LNZ),A-10107-19,M,1,1,,,,,,
176,X-179-19,Tail Tip,Assay Ready (LNZ),A-10061-19,M ,0,1,,,,,,
177,x-180-19,Tail Tip,assay Ready (LNZ),A-10062-19,M,0,1,3678,,,,,
178,X-181-19,Tail Tip,Assay Ready (LNZ),A-10063-19,M,0,1,,,,,,
179,X-182-19,Tail Tip,Assay Ready (LNZ),A-10064-19,M,0,1,,,,,,
180,x-183-19,Tail Tip,assay Ready (LNZ),A-10073-19,M,0.01,1,3691,,,,,
181,x-184-19,Tail Tip,assay Ready (LNZ),A-10074-19,M,0.01,1,3697,,,,,
182,X-185-19,Tail Tip,Assay Ready (LNZ),A-10075-19,M,0.01,1,,,,,,
183,X-186-19,Tail Tip,Assay Ready (LNZ),A-10076-19,M,0.01,1,,,,,,
184,X-187-19,Tail Tip,Assay Ready (LNZ),A-10077-19,M,0.01,1,,,,,,
185,X-188-19,Tail Tip,Assay Ready (LNZ),A-10078-19,M,0.01,1,,,,,,
186,X-189-19,Tail Tip,Assay Ready (LNZ),A-10079-19,M,0.01,1,,,,,,
152,X-155-19,Tail Tip,Assay Ready (LNZ),A-10085-19,F,0.1,1,795,,,,,
154,X-157-19,Tail Tip,Assay Ready (LNZ),A-10087-19,F,0.1,1,807,,,,,
157,x-160-19,Tail Tip,ASsay Ready (LNZ),A-10098-19,F,1,1,825,,,,,
158,X-161-19,Tail Tip,Assay Ready (LNZ),A-10099-19,F,1,1,831,,,,,
159,X-162-19,Tail Tip,Assay Ready (LNZ),A-10100-19,F,1,1,837,,,,,
160,X-163-19,Tail Tip,Assay Ready (LNZ),A-10101-19,F,1,1,843,,,,,
161,X-164-19,Tail Tip,Assay Ready (LNZ),A-10102-19,F,1,1,849,,,,,
162,X-165-19,Tail Tip,Assay Ready (LNZ),A-10103-19,F,1,1,,,,,,
163,X-166-19,Tail Tip,Assay Ready (LNZ),A-10104-19,F,1,1,861,,,,,
164,X-167-19,Tail Tip,Assay Ready (LNZ),A-10113-19,F,10,1,,,,,,
165,X-168-19,Tail Tip,Assay Ready (LNZ),A-10114-19,F,10,1,873,,,,,
166,X-169-19,Tail Tip,Assay Ready (LNZ),A-10115-19,F,10,1,879,,,,,
167,X-170-19,Tail Tip,Assay Ready (LNZ),A-10116-19,F,10,1,885,886,,,,
168,X-171-19,Tail Tip,Assay Ready (LNZ),A-10117-19,F,10,1,891,,,,,
169,X-172-19,Tail Tip,Assay Ready (LNZ),A-10118-19,F,10,1,897,,,,,
170,x-173-19,Tail Tip ,Assay Ready (LNZ),A-10119-19,F,10,1,903,,,,,
171,x-174-19,Tail Tip,assay Ready (LNZ),A-10120-19,F,10,1,909,,,,,
172,x-175-19,Tail Tip,assay Ready (LNZ),A-10057-19,M,0,1,915,,,,,
173,x-176-19,Tail Tip,assay Ready (LNZ),A-10058-19,M,0,1,921,,,,,
174,x-177-19,Tail Tip,assay Ready (LNZ),A-10059-19,M,0,1,927,,,,,
175,x-178-19,Tail Tip,assay Ready (LNZ),A-10060-19,M,0,1,933,,,,,
137,X-140-19,Tail Tip,Assay Ready (LNZ),A-10054-19,F,0,1,,,,,,
138,X-141-19,Tail Tip,Assay Ready (LNZ),A-10055-19,F,0,1,551,,,,,
139,X-142-19,Tail Tip,Assay Ready (LNZ),A-10056-19,F,0,1,557,,,,,
140,X-143-19,Tail Tip,Assay Ready (LNZ),A-10065-19,F,0.01,1,563,,,,,
141,X-144-19,Tail Tip,Assay Ready (LNZ),A-10066-19,F,0.01,1,574,,,,,
142,X-145-19,Tail Tip,Assay Ready (LNZ),A-10067-19,F,0.01,1,575,,,,,
143,X-146-19,Tail Tip,Assay Ready (LNZ),A-10068-19,F,0.01,1,581,,,,,
144,X-147-19,Tail Tip,Assay Ready (LNZ),A-10069-19,F,0.01,1,587,592,,,,
145,X-148-19,Tail Tip,Assay Ready (LNZ),A-10070-19,F,0.01,1,593,,,,,
146,X-149-19,Tail Tip,Assay Ready (LNZ),A-10071-19,F,0.01,1,599,,,,,
147,X-150-19,Tail Tip,Assay Ready (LNZ),A-10072-19,F,0.01,1,605,,,,,
148,X-151-19,Tail Tip,Assay Ready (LNZ),A-10081-19,F,0.1,1,611,,,,,
149,X-152-19,Tail Tip,Assay Ready (LNZ),A-10082-19,F,0.1,1,,,,,,
150,X-153-19,Tail Tip,Assay Ready (LNZ),A-10083-19,F,0.1,1,623,,,,,
151,X-154-19,Tail Tip,Assay Ready (LNZ),A-10084-19,F,0.1,1,,,,,,
132,X-135-19,Tail Tip,Assay Ready (LNZ),A-10049-19,F,0,1,515,,,,,
133,X-136-19,Tail Tip,Assay Ready (LNZ),A-10050-19,F,0,1,521,,,,,
134,X-137-19,Tail Tip,Assay Ready (LNZ),A-10051-19,F,0,1,527,528,,,,
135,X-138-19,Tail Tip,Assay Ready (LNZ),A-10052-19,F,0,1,533,,,,,
136,X-139-19,Tail Tip,Assay Ready (LNZ),A-10053-19,F,0,1,539,,,,,